<?xml version="1.0" encoding="UTF-8"?>
<menu>
	<tabitems>
		<item>
			<title>Manage Mass PMs</title>
			<subitems>
				<subitem>
					<subitemtitle>Show All Messages</subitemtitle>
					<subitemlang>show_all_messages</subitemlang>
					<subsection>main</subsection>
					<subitemurl>do=viewAllPms</subitemurl>
					<subitemrolekey></subitemrolekey>
					<subisredirect>0</subisredirect>
				</subitem>
			</subitems>
		</item>
		<item>
			<title>Send New Mass PM</title>
			<subitems>
				<subitem>
					<subitemtitle>Send New Mass PM</subitemtitle>
					<subitemlang>send_new_pm</subitemlang>
					<subsection>main</subsection>
					<subitemurl>do=addMassPm</subitemurl>
					<subitemrolekey></subitemrolekey>
					<subisredirect>0</subisredirect>
				</subitem>
			</subitems>
		</item>
	</tabitems>
</menu>