<?xml version="1.0" encoding="UTF-8"?>
<permissions>
	<group>
		<grouptitle>Bans</grouptitle>
		<items>
			<item>
				<key>loginas_viewbans</key>
				<string>Can view banned members?</string>
			</item>
			<item>
				<key>loginas_addbans</key>
				<string>Can ban members?</string>
			</item>
			<item>
				<key>loginas_ban_admins</key>
				<string>Can ban admins?</string>
			</item>
			<item>
				<key>loginas_removebans</key>
				<string>Can unban members?</string>
			</item>
			<item>
				<key>loginas_unban_admins</key>
				<string>Can unban admins?</string>
			</item>
		</items>
	</group>
</permissions>