<?xml version="1.0" encoding="utf-8"?>
<information>
  <data>
    <name>RealStats</name>
    <public_name>Statistics</public_name>
    <hide_tab>0</hide_tab>
    <author>Marcher Technologies</author>
    <description>A Full-Featured Statistics Application</description>
    <disabledatinstall>0</disabledatinstall>
    <global_caches/>
    <website>http://www.marchertech.com</website>
    <update_check/>
    <templategroups>
        <template match="contains">skin_realstats_</template>
    </templategroups>
  </data>
</information>
