<?xml version="1.0" encoding="utf-8"?>
<languageexport>
  <languagegroup>
    <lang>
      <word_app>realstats</word_app>
      <word_pack>public_lang</word_pack>
      <word_key>top_10_authors</word_key>
      <word_default>Top Authors</word_default>
    </lang>
    <lang>
      <word_app>realstats</word_app>
      <word_pack>public_lang</word_pack>
      <word_key>top_10_files_rating</word_key>
      <word_default>Top Files(By Rating)</word_default>
    </lang>
    <lang>
      <word_app>realstats</word_app>
      <word_pack>public_lang</word_pack>
      <word_key>top_10_categories_downloads</word_key>
      <word_default>Top Categories(By Downloads)</word_default>
    </lang>
    <lang>
      <word_app>realstats</word_app>
      <word_pack>public_lang</word_pack>
      <word_key>top_10_files_views</word_key>
      <word_default>Top Files(By Views)</word_default>
    </lang>
    <lang>
      <word_app>realstats</word_app>
      <word_pack>public_lang</word_pack>
      <word_key>top_10_files_downloads</word_key>
      <word_default>Top Files(By Downloads)</word_default>
    </lang>
    <lang>
      <word_app>realstats</word_app>
      <word_pack>public_lang</word_pack>
      <word_key>top_10_categories_views</word_key>
      <word_default>Top Categories(By Views)</word_default>
    </lang>
    <lang>
      <word_app>realstats</word_app>
      <word_pack>public_lang</word_pack>
      <word_key>stat_downloads</word_key>
      <word_default>Downloads</word_default>
    </lang>
    <lang>
      <word_app>realstats</word_app>
      <word_pack>public_lang</word_pack>
      <word_key>top_10_categories_files</word_key>
      <word_default>Top Categories(By Files)</word_default>
    </lang>
    <lang>
      <word_app>realstats</word_app>
      <word_pack>public_lang</word_pack>
      <word_key>last_author</word_key>
      <word_default>Latest Author:</word_default>
    </lang>
    <lang>
      <word_app>realstats</word_app>
      <word_pack>public_lang</word_pack>
      <word_key>last_file</word_key>
      <word_default>Latest File:</word_default>
    </lang>
    <lang>
      <word_app>realstats</word_app>
      <word_pack>public_lang</word_pack>
      <word_key>stat_files</word_key>
      <word_default>Files</word_default>
    </lang>
    <lang>
      <word_app>realstats</word_app>
      <word_pack>public_lang</word_pack>
      <word_key>total_authors</word_key>
      <word_default>Total Authors:</word_default>
    </lang>
    <lang>
      <word_app>realstats</word_app>
      <word_pack>public_lang</word_pack>
      <word_key>avg_downloads</word_key>
      <word_default>Average Downloads Per Day:</word_default>
    </lang>
    <lang>
      <word_app>realstats</word_app>
      <word_pack>public_lang</word_pack>
      <word_key>avg_files</word_key>
      <word_default>Average Files Per Day:</word_default>
    </lang>
    <lang>
      <word_app>realstats</word_app>
      <word_pack>public_lang</word_pack>
      <word_key>total_downloads</word_key>
      <word_default>Total Downloads:</word_default>
    </lang>
    <lang>
      <word_app>realstats</word_app>
      <word_pack>public_lang</word_pack>
      <word_key>total_files</word_key>
      <word_default>Total Files:</word_default>
    </lang>
    <lang>
      <word_app>realstats</word_app>
      <word_pack>public_lang</word_pack>
      <word_key>realstats_online</word_key>
      <word_default>Viewing Statistics</word_default>
    </lang>
    <lang>
      <word_app>realstats</word_app>
      <word_pack>public_lang</word_pack>
      <word_key>top_10_topics_rating</word_key>
      <word_default>Top Topics(By Rating)</word_default>
    </lang>
    <lang>
      <word_app>realstats</word_app>
      <word_pack>public_lang</word_pack>
      <word_key>active_users</word_key>
      <word_default>%s user(s) are online (in the past %s minutes)</word_default>
    </lang>
    <lang>
      <word_app>realstats</word_app>
      <word_pack>public_lang</word_pack>
      <word_key>total_topics</word_key>
      <word_default>Total Topics:</word_default>
    </lang>
    <lang>
      <word_app>realstats</word_app>
      <word_pack>public_lang</word_pack>
      <word_key>total_replies</word_key>
      <word_default>Total Replies:</word_default>
    </lang>
    <lang>
      <word_app>realstats</word_app>
      <word_pack>public_lang</word_pack>
      <word_key>total_posts</word_key>
      <word_default>Total Posts:</word_default>
    </lang>
    <lang>
      <word_app>realstats</word_app>
      <word_pack>public_lang</word_pack>
      <word_key>total_forums</word_key>
      <word_default>Total Boards:</word_default>
    </lang>
    <lang>
      <word_app>realstats</word_app>
      <word_pack>public_lang</word_pack>
      <word_key>total_categories</word_key>
      <word_default>Total Categories:</word_default>
    </lang>
    <lang>
      <word_app>realstats</word_app>
      <word_pack>public_lang</word_pack>
      <word_key>top_10_topics_views</word_key>
      <word_default>Top Topics(By Views)</word_default>
    </lang>
    <lang>
      <word_app>realstats</word_app>
      <word_pack>public_lang</word_pack>
      <word_key>top_10_topics_replies</word_key>
      <word_default>Top Topics(By Replies)</word_default>
    </lang>
    <lang>
      <word_app>realstats</word_app>
      <word_pack>public_lang</word_pack>
      <word_key>top_10_submitters</word_key>
      <word_default>Top Authors</word_default>
    </lang>
    <lang>
      <word_app>realstats</word_app>
      <word_pack>public_lang</word_pack>
      <word_key>top_10_records_rate</word_key>
      <word_default>Top Submissions(By Rating)</word_default>
    </lang>
    <lang>
      <word_app>realstats</word_app>
      <word_pack>public_lang</word_pack>
      <word_key>top_10_databases_records</word_key>
      <word_default>Top Databases(By Submission)</word_default>
    </lang>
    <lang>
      <word_app>realstats</word_app>
      <word_pack>public_lang</word_pack>
      <word_key>top_10_records_view</word_key>
      <word_default>Top Submissions(By View)</word_default>
    </lang>
    <lang>
      <word_app>realstats</word_app>
      <word_pack>public_lang</word_pack>
      <word_key>top_10_records_reply</word_key>
      <word_default>Top Submissions(By Comments)</word_default>
    </lang>
    <lang>
      <word_app>realstats</word_app>
      <word_pack>public_lang</word_pack>
      <word_key>top_10_posters</word_key>
      <word_default>Top Posters</word_default>
    </lang>
    <lang>
      <word_app>realstats</word_app>
      <word_pack>public_lang</word_pack>
      <word_key>top_10_categories_records</word_key>
      <word_default>Top Categories(By Submission)</word_default>
    </lang>
    <lang>
      <word_app>realstats</word_app>
      <word_pack>public_lang</word_pack>
      <word_key>top_10_boards_topics</word_key>
      <word_default>Top Boards(By Topics)</word_default>
    </lang>
    <lang>
      <word_app>realstats</word_app>
      <word_pack>public_lang</word_pack>
      <word_key>avg_comments</word_key>
      <word_default>Average Comments Per Day:</word_default>
    </lang>
    <lang>
      <word_app>realstats</word_app>
      <word_pack>public_lang</word_pack>
      <word_key>top_10_boards_replies</word_key>
      <word_default>Top Boards(By Replies)</word_default>
    </lang>
    <lang>
      <word_app>realstats</word_app>
      <word_pack>public_lang</word_pack>
      <word_key>avg_entries</word_key>
      <word_default>Average Entries Per Day:</word_default>
    </lang>
    <lang>
      <word_app>realstats</word_app>
      <word_pack>public_lang</word_pack>
      <word_key>avg_blogs</word_key>
      <word_default>Average Blogs Per Day:</word_default>
    </lang>
    <lang>
      <word_app>realstats</word_app>
      <word_pack>public_lang</word_pack>
      <word_key>num_comments</word_key>
      <word_default>Total Comments:</word_default>
    </lang>
    <lang>
      <word_app>realstats</word_app>
      <word_pack>public_lang</word_pack>
      <word_key>num_entries</word_key>
      <word_default>Total Entries:</word_default>
    </lang>
    <lang>
      <word_app>realstats</word_app>
      <word_pack>public_lang</word_pack>
      <word_key>num_blogs</word_key>
      <word_default>Total Blogs:</word_default>
    </lang>
    <lang>
      <word_app>realstats</word_app>
      <word_pack>public_lang</word_pack>
      <word_key>last_blog</word_key>
      <word_default>Latest Blog:</word_default>
    </lang>
    <lang>
      <word_app>realstats</word_app>
      <word_pack>public_lang</word_pack>
      <word_key>last_blogger</word_key>
      <word_default>Latest Blogger:</word_default>
    </lang>
    <lang>
      <word_app>realstats</word_app>
      <word_pack>public_lang</word_pack>
      <word_key>top_10_entries_reply</word_key>
      <word_default>Top Entries(By Comments)</word_default>
    </lang>
    <lang>
      <word_app>realstats</word_app>
      <word_pack>public_lang</word_pack>
      <word_key>top_10_bloggers</word_key>
      <word_default>Top Bloggers</word_default>
    </lang>
    <lang>
      <word_app>realstats</word_app>
      <word_pack>public_lang</word_pack>
      <word_key>top_10_entries_rating</word_key>
      <word_default>Top Entries(By Rating)</word_default>
    </lang>
    <lang>
      <word_app>realstats</word_app>
      <word_pack>public_lang</word_pack>
      <word_key>top_10_entries_views</word_key>
      <word_default>Top Entries(By Views)</word_default>
    </lang>
    <lang>
      <word_app>realstats</word_app>
      <word_pack>public_lang</word_pack>
      <word_key>top_10_blogs_rating</word_key>
      <word_default>Top Blogs(By Rating)</word_default>
    </lang>
    <lang>
      <word_app>realstats</word_app>
      <word_pack>public_lang</word_pack>
      <word_key>stat_submissions</word_key>
      <word_default>Submissions</word_default>
    </lang>
    <lang>
      <word_app>realstats</word_app>
      <word_pack>public_lang</word_pack>
      <word_key>stat_views</word_key>
      <word_default>Views</word_default>
    </lang>
    <lang>
      <word_app>realstats</word_app>
      <word_pack>public_lang</word_pack>
      <word_key>stat_entries</word_key>
      <word_default>Entries</word_default>
    </lang>
    <lang>
      <word_app>realstats</word_app>
      <word_pack>public_lang</word_pack>
      <word_key>top_10_blogs_views</word_key>
      <word_default>Top Blogs(By Views)</word_default>
    </lang>
    <lang>
      <word_app>realstats</word_app>
      <word_pack>public_lang</word_pack>
      <word_key>top_10_blogs_reply</word_key>
      <word_default>Top Blogs(By Comments)</word_default>
    </lang>
    <lang>
      <word_app>realstats</word_app>
      <word_pack>public_lang</word_pack>
      <word_key>stat_topics</word_key>
      <word_default>Topics</word_default>
    </lang>
    <lang>
      <word_app>realstats</word_app>
      <word_pack>public_lang</word_pack>
      <word_key>stat_comments</word_key>
      <word_default>Comments</word_default>
    </lang>
    <lang>
      <word_app>realstats</word_app>
      <word_pack>public_lang</word_pack>
      <word_key>stat_replies</word_key>
      <word_default>Replies</word_default>
    </lang>
    <lang>
      <word_app>realstats</word_app>
      <word_pack>public_lang</word_pack>
      <word_key>stat_posts</word_key>
      <word_default>Posts</word_default>
    </lang>
    <lang>
      <word_app>realstats</word_app>
      <word_pack>public_lang</word_pack>
      <word_key>most_count</word_key>
      <word_default>Most Online Count:</word_default>
    </lang>
    <lang>
      <word_app>realstats</word_app>
      <word_pack>public_lang</word_pack>
      <word_key>most_time</word_key>
      <word_default>Most Online Time:</word_default>
    </lang>
    <lang>
      <word_app>realstats</word_app>
      <word_pack>public_lang</word_pack>
      <word_key>last_member</word_key>
      <word_default>Latest Member:</word_default>
    </lang>
    <lang>
      <word_app>realstats</word_app>
      <word_pack>public_lang</word_pack>
      <word_key>mem_count</word_key>
      <word_default>Total Members:</word_default>
    </lang>
    <lang>
      <word_app>realstats</word_app>
      <word_pack>public_lang</word_pack>
      <word_key>last_active</word_key>
      <word_default>Last Active</word_default>
    </lang>
    <lang>
      <word_app>realstats</word_app>
      <word_pack>public_lang</word_pack>
      <word_key>realstats_tab_default</word_key>
      <word_default>Overview</word_default>
    </lang>
    <lang>
      <word_app>realstats</word_app>
      <word_pack>public_lang</word_pack>
      <word_key>err_no_stats_admindoneit</word_key>
      <word_default>Sorry, but the administrator has disabled all functionality of our Statistics Center</word_default>
    </lang>
    <lang>
      <word_app>realstats</word_app>
      <word_pack>public_lang</word_pack>
      <word_key>err_no_stats</word_key>
      <word_default>Invalid Statistics Selection</word_default>
    </lang>
    <lang>
      <word_app>realstats</word_app>
      <word_pack>public_lang</word_pack>
      <word_key>err_no_stats_allowed</word_key>
      <word_default>Sorry, but you do not have access to any of the functions in our Statistics Center</word_default>
    </lang>
    <lang>
      <word_app>realstats</word_app>
      <word_pack>public_lang</word_pack>
      <word_key>categories_general</word_key>
      <word_default>Categories</word_default>
    </lang>
    <lang>
      <word_app>realstats</word_app>
      <word_pack>public_lang</word_pack>
      <word_key>avg_topics</word_key>
      <word_default>Average Topics Per Day:</word_default>
    </lang>
    <lang>
      <word_app>realstats</word_app>
      <word_pack>public_lang</word_pack>
      <word_key>avg_replies</word_key>
      <word_default>Average Replies Per Day:</word_default>
    </lang>
    <lang>
      <word_app>realstats</word_app>
      <word_pack>public_lang</word_pack>
      <word_key>avg_regs</word_key>
      <word_default>Average Registrations Per Day:</word_default>
    </lang>
    <lang>
      <word_app>realstats</word_app>
      <word_pack>public_lang</word_pack>
      <word_key>avg_posts</word_key>
      <word_default>Average Posts Per Day:</word_default>
    </lang>
  </languagegroup>
</languageexport>
