<?xml version="1.0" encoding="utf-8"?>
<settingexport>
  <settinggroup>
    <setting>
      <conf_is_title>1</conf_is_title>
      <conf_title_keyword>mt_realstats</conf_title_keyword>
      <conf_title_title>RealStats Settings</conf_title_title>
      <conf_title_desc/>
      <conf_title_tab>RealStats</conf_title_tab>
      <conf_title_app>realstats</conf_title_app>
      <conf_title_noshow>0</conf_title_noshow>
    </setting>
    <setting>
      <conf_title>Allowed Groups</conf_title>
      <conf_description>Choose the Groups(Including Secondary) That May View this Application</conf_description>
      <conf_group>90</conf_group>
      <conf_type>multi</conf_type>
      <conf_key>realstats_groups_allowed</conf_key>
      <conf_default/>
      <conf_extra>#show_groups#</conf_extra>
      <conf_evalphp><![CDATA[if ( $save == 1)
{
	if ( is_array($_POST['realstats_groups_allowed']) )
	{
		$_POST['realstats_groups_allowed'] = implode(",",$_POST['realstats_groups_allowed']);
	}
	else
	{
		$_POST['realstats_groups_allowed'] = "";
	}
	
	$key = 'realstats_groups_allowed';
}
if ( $show == 1 )
{
    $key='realstats_groups_allowed[]';
}]]></conf_evalphp>
      <conf_protected>1</conf_protected>
      <conf_position>1</conf_position>
      <conf_start_group>General</conf_start_group>
      <conf_add_cache>1</conf_add_cache>
      <conf_keywords>groups, access</conf_keywords>
      <conf_title_keyword>mt_realstats</conf_title_keyword>
      <conf_is_title>0</conf_is_title>
    </setting>
    <setting>
      <conf_title>Disabled Plugins</conf_title>
      <conf_description><![CDATA[You may optionally disable any installed Application's RealStats extension. NOTE, Disabling All WILL effectively Disable This application.]]></conf_description>
      <conf_group>90</conf_group>
      <conf_type>multi</conf_type>
      <conf_key>realstats_apps_allowed</conf_key>
      <conf_default/>
      <conf_extra/>
      <conf_evalphp><![CDATA[if ( $save == 1)
{
	if ( is_array($_POST['realstats_apps_allowed']) )
	{
		$_POST['realstats_apps_allowed'] = implode(",",$_POST['realstats_apps_allowed']);
	}
	else
	{
		$_POST['realstats_apps_allowed'] = "";
	}
	
	$key = 'realstats_apps_allowed';
}
if( $show == 1 )
{
$r['conf_extra']	 = '';
	foreach(ipsRegistry::$applications as $app => $data)
{
/* Got a realstats extension file for it? */
		if (!IPSLib::appIsInstalled( $app ) )
		{ continue; }
			$file = FALSE;
			
			if ( is_file( IPSLib::getAppDir( $app ) . '/extensions/realstats/stats_'. $app .'.php' ) )
			{
				$file = TRUE;
			}
			elseif ( is_file( IPSLib::getAppDir( 'realstats' ) . '/extensions/realstats/stats_'. $app .'.php' ) )
			{
				$file = TRUE;
			}
if($file)
{
$_app = IPSLib::getAppTitle($app);
			$r['conf_extra']	.= "&#092;n {$app}={$_app}";
}
	}
	$key = 'realstats_apps_allowed[]';
}]]></conf_evalphp>
      <conf_protected>1</conf_protected>
      <conf_position>2</conf_position>
      <conf_start_group/>
      <conf_add_cache>1</conf_add_cache>
      <conf_keywords/>
      <conf_title_keyword>mt_realstats</conf_title_keyword>
      <conf_is_title>0</conf_is_title>
    </setting>
    <setting>
      <conf_title>Number Of Items To Show</conf_title>
      <conf_description><![CDATA[How Many Items Should be shown in the various 'top' blocks? No less than 1, and no more than 25 will be honored.]]></conf_description>
      <conf_group>90</conf_group>
      <conf_type>input</conf_type>
      <conf_key>realstats_num_results</conf_key>
      <conf_default>10</conf_default>
      <conf_extra/>
      <conf_evalphp/>
      <conf_protected>1</conf_protected>
      <conf_position>3</conf_position>
      <conf_start_group/>
      <conf_add_cache>1</conf_add_cache>
      <conf_keywords>number, results, performance</conf_keywords>
      <conf_title_keyword>mt_realstats</conf_title_keyword>
      <conf_is_title>0</conf_is_title>
    </setting>
    <setting>
      <conf_title>Truncation</conf_title>
      <conf_description>This is the character limit to truncate various titles for  detailed statistics.</conf_description>
      <conf_group>90</conf_group>
      <conf_type>input</conf_type>
      <conf_key>realstats_num_truncate</conf_key>
      <conf_default>50</conf_default>
      <conf_extra/>
      <conf_evalphp/>
      <conf_protected>1</conf_protected>
      <conf_position>4</conf_position>
      <conf_start_group/>
      <conf_add_cache>1</conf_add_cache>
      <conf_keywords>truncation, length</conf_keywords>
      <conf_title_keyword>mt_realstats</conf_title_keyword>
      <conf_is_title>0</conf_is_title>
    </setting>
    <setting>
      <conf_title>Cache Result Sets?</conf_title>
      <conf_description>If Enabled, the application stock extensions will place filtered results into a cache store for defined periods for their tabs. It should be noted the result set will be checking permissions to generate the data based on the user to trigger the cache, however the HTML is not cached, use wisely, can be a life-saver with those intensive counts/filters.</conf_description>
      <conf_group>90</conf_group>
      <conf_type>yes_no</conf_type>
      <conf_key>realstats_cache_results</conf_key>
      <conf_default>1</conf_default>
      <conf_extra/>
      <conf_evalphp><![CDATA[if($save==1)
{
ipsRegistry::cache()->rebuildCache('realstats_cache', 'realstats');
}]]></conf_evalphp>
      <conf_protected>1</conf_protected>
      <conf_position>5</conf_position>
      <conf_start_group>Optimization</conf_start_group>
      <conf_add_cache>1</conf_add_cache>
      <conf_keywords>optimization, resources, performance</conf_keywords>
      <conf_title_keyword>mt_realstats</conf_title_keyword>
      <conf_is_title>0</conf_is_title>
    </setting>
    <setting>
      <conf_title>Cache TTL</conf_title>
      <conf_description><![CDATA[This controls how many minutes to cache the generated result sets for, previous setting must be enabled. Longer Will require cache rebuild Less often, but the data retrieved will be more 'stale'.]]></conf_description>
      <conf_group>90</conf_group>
      <conf_type>input</conf_type>
      <conf_key>realstats_cache_ttl</conf_key>
      <conf_default>30</conf_default>
      <conf_extra/>
      <conf_evalphp/>
      <conf_protected>1</conf_protected>
      <conf_position>6</conf_position>
      <conf_start_group/>
      <conf_add_cache>1</conf_add_cache>
      <conf_keywords>caching, optimization</conf_keywords>
      <conf_title_keyword>mt_realstats</conf_title_keyword>
      <conf_is_title>0</conf_is_title>
    </setting>
    <setting>
      <conf_title>No-Cache Plugins</conf_title>
      <conf_description>You may optionally define Application Plugin Tabs to not cache when caching is enabled.</conf_description>
      <conf_group>90</conf_group>
      <conf_type>multi</conf_type>
      <conf_key>realstats_apps_nocache</conf_key>
      <conf_default/>
      <conf_extra/>
      <conf_evalphp><![CDATA[if ( $save == 1)
{
	if ( is_array($_POST['realstats_apps_nocache']) )
	{
		$_POST['realstats_apps_nocache'] = implode(",",$_POST['realstats_apps_nocache']);
	}
	else
	{
		$_POST['realstats_apps_nocache'] = "";
	}
	
	$key = 'realstats_apps_nocache';
}
if( $show == 1 )
{
$r['conf_extra']	 = '';
	foreach(ipsRegistry::$applications as $app => $data)
{
/* Got a realstats extension file for it? */
		if (!IPSLib::appIsInstalled( $app ) )
		{ continue; }
			$file = FALSE;
			
			if ( is_file( IPSLib::getAppDir( $app ) . '/extensions/realstats/stats_'. $app .'.php' ) )
			{
				$file = TRUE;
			}
			elseif ( is_file( IPSLib::getAppDir( 'realstats' ) . '/extensions/realstats/stats_'. $app .'.php' ) )
			{
				$file = TRUE;
			}
if($file)
{
$_app = IPSLib::getAppTitle($app);
			$r['conf_extra']	.= "&#092;n {$app}={$_app}";
}
	}
	$key = 'realstats_apps_nocache[]';
}]]></conf_evalphp>
      <conf_protected>1</conf_protected>
      <conf_position>7</conf_position>
      <conf_start_group/>
      <conf_add_cache>1</conf_add_cache>
      <conf_keywords>caching, optimization, realstats</conf_keywords>
      <conf_title_keyword>mt_realstats</conf_title_keyword>
      <conf_is_title>0</conf_is_title>
    </setting>
  </settinggroup>
</settingexport>
