<?xml version="1.0" encoding="utf-8"?>
<templates application="realstats" templategroups="a:1:{s:15:&quot;skin_realstats_&quot;;s:8:&quot;contains&quot;;}">
  <templategroup group="skin_realstats_global">
    <template>
      <template_group>skin_realstats_global</template_group>
      <template_content><![CDATA[<!--no data in this master skin-->]]></template_content>
      <template_name>currentlyViewing</template_name>
      <template_data>$activeUsers=array()</template_data>
      <template_updated>1345024117</template_updated>
      <template_removable>0</template_removable>
      <template_user_added>0</template_user_added>
      <template_user_edited>0</template_user_edited>
      <template_master_key>mobile</template_master_key>
    </template>
    <template>
      <template_group>skin_realstats_global</template_group>
      <template_content><![CDATA[<li id='nav_realstats'><a href='{parse url="app=realstats" seotitle="false" base="public"}' title='{parse expression="sprintf( $this->lang->words['go_to_prefix'], IPSLib::getAppTitle( 'realstats' ) )"}'><span class='icon' style='background-position: -168px 0;'></span>{IPSLib::getAppTitle( 'realstats' )}</a></li>]]></template_content>
      <template_name>mobileAppLink</template_name>
      <template_data/>
      <template_updated>1345024117</template_updated>
      <template_removable>0</template_removable>
      <template_user_added>0</template_user_added>
      <template_user_edited>0</template_user_edited>
      <template_master_key>mobile</template_master_key>
    </template>
    <template>
      <template_group>skin_realstats_global</template_group>
      <template_content><![CDATA[<if test="hasBlogViews:|:is_array($topBlogsbyViews) && count($topBlogsbyViews)">
<h3>{$this->lang->words['top_10_blogs_views']}</h3>
		<foreach loop="topViewedBlogs:$topBlogsbyViews as $blog">
<if test="hasViewBlogs:|:$blog['views']">
			<div class='row'><a href='{parse url="app=blog&amp;module=display&amp;section=blog&amp;blogid={$blog['blog_id']}" template="showblog" seotitle="{$blog['blog_seo_name']}" base="public"}' title="{$blog['blog_name']}"><if test="topViewedBlogsTruncate:|:$truncate">{IPSText::truncate($blog['blog_name'], $truncate)}<else />{$blog['blog_name']}</if></a> - {parse date="$blog['blog_last_edate']" format="LONG"} - {parse template="userHoverCard" group="global" params="$blog['member']"}
            			<div class='right'>{parse format_number="$blog['views']"} {$this->lang->words['stat_views']}</div>
	            	</div>
</if>
        	</foreach>
        </if>
<if test="hasBlogReplies:|:is_array($topBlogsbyReply) && count($topBlogsbyReply)">
<h3>{$this->lang->words['top_10_blogs_reply']}</h3>
		<foreach loop="topBlogReplies:$topBlogsbyReply as $blog">
<if test="hasRepliesBlog:|:$blog['comments']">
<div class='row'><a href='{parse url="app=blog&amp;module=display&amp;section=blog&amp;blogid={$blog['blog_id']}" template="showblog" seotitle="{$blog['blog_seo_name']}" base="public"}' title="{$blog['blog_name']}"><if test="topBlogRepliesTruncate:|:$truncate">{IPSText::truncate($blog['blog_name'], $truncate)}<else />{$blog['blog_name']}</if></a> - {parse date="$blog['blog_last_edate']" format="LONG"} - {parse template="userHoverCard" group="global" params="$blog['member']"}
            			<div class='right'>{parse format_number="$blog['comments']"} {$this->lang->words['stat_comments']}</div>
	            	</div>
</if>
        	</foreach>
        </if>
	<if test="hasBlogRate:|:is_array($topBlogsbyRate) && count($topBlogsbyRate)">
<h3>{$this->lang->words['top_10_blogs_rating']}</h3>
		<foreach loop="topBlogRate:$topBlogsbyRate as $blog">
<if test="hasRateBlog:|:$blog['rating']">
<div class='row'><a href='{parse url="app=blog&amp;module=display&amp;section=blog&amp;blogid={$blog['blog_id']}" template="showblog" seotitle="{$blog['blog_seo_name']}" base="public"}' title="{$blog['blog_name']}"><if test="topBlogRateTruncate:|:$truncate">{IPSText::truncate($blog['blog_name'], $truncate)}<else />{$blog['blog_name']}</if></a> - {parse date="$blog['blog_last_edate']" format="LONG"} - {parse template="userHoverCard" group="global" params="$blog['member']"}
            			<div class='right'>{parse template="topic_rating_image" group="forum" params="$blog['rating']"}</div>
</div>
</if>
        	</foreach>
        </if>
	<if test="hasEntryViews:|:is_array($topEntriesbyViews) && count($topEntriesbyViews)">
<h3>{$this->lang->words['top_10_entries_views']}</h3>
		<foreach loop="topEntryViews:$topEntriesbyViews as $entry">
<if test="hasViewsEntry:|:$entry['views']">
<div class='row'><a href='{parse url="app=blog&amp;module=display&amp;section=blog&amp;blogid={$entry['blog_id']}&amp;showentry={$entry['entry_id']}" template="showentry" seotitle="{$entry['entry_name_seo']}" base="public"}' title="{$entry['entry_name']} - {parse date="$entry['entry_date']" format="LONG"}"><if test="topViewedEntryTruncate:|:$truncate">{IPSText::truncate($entry['entry_name'], $truncate)}<else />{$entry['entry_name']}</if></a> - {parse date="$entry['entry_date']" format="LONG"} - {parse template="userHoverCard" group="global" params="$entry['member']"}
            			<div class='right'>{parse format_number="$entry['views']"} {$this->lang->words['stat_views']}</div>
	            	</div>
</if>
        	</foreach>
        </if>

	<if test="hasEntryReply:|:is_array($topEntriesbyReply) && count($topEntriesbyReply)">
<h3>{$this->lang->words['top_10_entries_reply']}</h3>
		<foreach loop="topEntryReply:$topEntriesbyReply as $entry">
<if test="hasReplyEntry:|:$entry['comments']">
<div class='row'><a href='{parse url="app=blog&amp;module=display&amp;section=blog&amp;blogid={$entry['blog_id']}&amp;showentry={$entry['entry_id']}" template="showentry" seotitle="{$entry['entry_name_seo']}" base="public"}#commentsStart' title="{$entry['entry_name']} - {parse date="$entry['entry_date']" format="LONG"}"><if test="topReplyEntryTruncate:|:$truncate">{IPSText::truncate($entry['entry_name'], $truncate)}<else />{$entry['entry_name']}</if></a> - {parse date="$entry['entry_date']" format="LONG"} - {parse template="userHoverCard" group="global" params="$entry['member']"}
            			<div class='right'>{parse format_number="$entry['comments']"} {$this->lang->words['stat_comments']}</div>
	            	</div>
</if>
        	</foreach>
        </if>
<if test="hasEntryRating:|:is_array($topEntriesbyRate) && count($topEntriesbyRate)">
<h3>{$this->lang->words['top_10_entries_rating']}</h3>
		<foreach loop="topEntryRating:$topEntriesbyRate as $entry">
<if test="hasRatingEntry:|:$entry['rating']">
<div class='row'><a href='{parse url="app=blog&amp;module=display&amp;section=blog&amp;blogid={$entry['blog_id']}&amp;showentry={$entry['entry_id']}" template="showentry" seotitle="{$entry['entry_name_seo']}" base="public"}' title="{$entry['entry_name']} - {parse date="$entry['entry_date']" format="LONG"}"><if test="topViewedEntryTruncate:|:$truncate">{IPSText::truncate($entry['entry_name'], $truncate)}<else />{$entry['entry_name']}</if></a> - {parse date="$entry['entry_date']" format="LONG"} - {parse template="userHoverCard" group="global" params="$entry['member']"}
<div class='right'>{parse template="topic_rating_image" group="forum" params="$entry['rating']"}</div>
	            	</div>
</if>
        	</foreach>
        </if>

	<if test="hasTopBloggers:|:is_array($topBloggers) && count($topBloggers)">
<h3>{$this->lang->words['top_10_bloggers']}</h3>
		<foreach loop="topBloggers:$topBloggers as $members">
<if test="hasEntries:|:$members['entries']">
<if test="mobileFixPhotos:|:$members['member']['_customClass'] = 'photo'"></if>
<div class='row'>
<div class='left'>{parse template="userSmallPhoto" group="global" params="$members['member']"}&nbsp;&nbsp;&nbsp;{parse template="userHoverCard" group="global" params="$members['member']"} - {$this->lang->words['last_active']} {parse date="$members['member']['last_activity']" format="LONG"}</div>
<div class='right'>{parse format_number="$members['entries']"} {$this->lang->words['stat_entries']}</div>
	            	</div>
</if>
        	</foreach>
        </if>]]></template_content>
      <template_name>realStatsApp_blog</template_name>
      <template_data>$topBlogsbyViews=array(), $topBlogsbyReply=array(), $topBlogsbyRate=array(), $topEntriesbyViews=array(), $topEntriesbyReply=array(), $topEntriesbyRate=array(), $topBloggers=array(), $truncate</template_data>
      <template_updated>1345024117</template_updated>
      <template_removable>0</template_removable>
      <template_user_added>0</template_user_added>
      <template_user_edited>0</template_user_edited>
      <template_master_key>mobile</template_master_key>
    </template>
    <template>
      <template_group>skin_realstats_global</template_group>
      <template_content><![CDATA[<if test="hasDatabaseRecords:|:is_array($databasesByRecord) && count($databasesByRecord)">
<h3>{$this->lang->words['top_10_databases_records']}</h3>
		<foreach loop="topDatabases:$databasesByRecord as $database">
<if test="hasDatabaseRecords2:|:$database['database_record_count']">
			<div class='row'>
<div class='left'><a href="{$database['database_link']}" title="{$database['database_name']}"><if test="topDatabasesTruncate:|:$truncate">{IPSText::truncate($database['database_name'], $truncate)}<else />{$database['database_name']}</if></a></div>
      <div class='right'>{parse format_number="$database['database_record_count']"} {$database['database_lang_pu']}</div>
	            	</div>
</if>
        	</foreach>
        </if>
<if test="hasCategoryRecords:|:is_array($categoriesByRecord) && count ($categoriesByRecord)">
<h3>{$this->lang->words['top_10_categories_records']}</h3>
		<foreach loop="topCategoriesRecords:$categoriesByRecord as $category">
<if test="hasRecordsCategory:|:$category['category_records']">
			<div class='row'>
<div class='left'><a href="{$category['category_link']}" title="{$category['category_name']}"><if test="topCategoriesTruncate:|:$truncate">{IPSText::truncate($category['category_name'], $truncate)}<else />{$category['category_name']}</if></a> - {parse date="$category['category_last_record_date']" format="LONG"} - {parse template="userHoverCard" group="global" params="$category['member']"}</div>
            			 <div class='right'>{parse format_number="$category['category_records']"} {$category['_lang']}</div>
</div>
</if>
        	</foreach>
        </if>
	<if test="hasRecordsByView:|:is_array($recordsByView) && count($recordsByView)">
<h3>{$this->lang->words['top_10_records_view']}</h3>
		<foreach loop="topRecordsByView:$recordsByView as $record">
<if test="hasRecordsByView2:|:$record['record_views']">
<div class='row'>
<div class='left'><a href="{$record['record_link']}" title="{$record['record_title']}"><if test="topRecordsByViewTruncate:|:$truncate">{IPSText::truncate($record['record_title'], $truncate)}<else />{$record['record_title']}</if></a> - {parse date="$record['record_saved']" format="LONG"} - {parse template="userHoverCard" group="global" params="$record['member']"}</div>
            			 <div class='right'>{parse format_number="$record['record_views']"} {$this->lang->words['stat_views']}</div>
	            	</div>
</if>
        	</foreach>
        </if>

	<if test="hasRecordsByReply:|:is_array($recordsByReply) && count ($recordsByReply)">
<h3>{$this->lang->words['top_10_records_reply']}</h3>
		<foreach loop="topRecordsByReply:$recordsByReply as $record">
<if test="hasRecordsByReply2:|:$record['record_comments']">
			<div class='row'>
<div class='left'><a href="{$record['record_link']}" title="{$record['record_title']}"><if test="topRecordsByReplyTruncate:|:$truncate">{IPSText::truncate($record['record_title'], $truncate)}<else />{$record['record_title']}</if></a> - {parse date="$record['record_saved']" format="LONG"} - {parse template="userHoverCard" group="global" params="$record['member']"}</div>
            			 <div class='right'>{parse format_number="$record['record_comments']"} {$this->lang->words['stat_comments']}</div>
	            	</div>
</if>
        	</foreach>
        </if>

	<if test="hasRecordsByRate:|:is_array($recordsByRate) && count ($recordsByRate)">
<h3>{$this->lang->words['top_10_records_rate']}</h3>
		<foreach loop="topRecordsByRate:$recordsByRate as $record">
<if test="hasRecordsByRate2:|:$record['rating_real']">
			<div class='row'>
<div class='left'><a href="{$record['record_link']}" title="{$record['record_title']}"><if test="topRecordsByRateTruncate:|:$truncate">{IPSText::truncate($record['record_title'], $truncate)}<else />{$record['record_title']}</if></a> - {parse date="$record['record_saved']" format="LONG"} - {parse template="userHoverCard" group="global" params="$record['member']"}</div>
            			<div class='right'>{parse template="topic_rating_image" group="forum" params="$record['rating_real']"}</div>
	            	</div>
</if>
        	</foreach>
        </if>
<if test="hasTopSubmitters:|:is_array($topSubmitters) && count($topSubmitters)">
<h3>{$this->lang->words['top_10_submitters']}</h3>
		<foreach loop="topSubmitters:$topSubmitters as $members">
<if test="hasSubmissions:|:$members['record_count']">
<if test="mobileFixPhotos:|:$members['member']['_customClass'] = 'photo'"></if>
		<div class='row'>
<div class='left'>
{parse template="userSmallPhoto" group="global" params="$members['member']"}
&nbsp;&nbsp;&nbsp;{parse template="userHoverCard" group="global" params="$members['member']"} - {$this->lang->words['last_active']} {parse date="$members['member']['last_activity']" format="LONG"}</div>
<div class='right'>
{parse format_number="$members['record_count']"} {$this->lang->words['stat_submissions']}
</div>
</div>
</if>
        	</foreach>
        </if>]]></template_content>
      <template_name>realStatsApp_ccs</template_name>
      <template_data>$databasesByRecord=array(), $categoriesByRecord=array(), $recordsByView=array(), $recordsByReply=array(), $recordsByRate=array(), $topSubmitters=array(), $truncate</template_data>
      <template_updated>1345024117</template_updated>
      <template_removable>0</template_removable>
      <template_user_added>0</template_user_added>
      <template_user_edited>0</template_user_edited>
      <template_master_key>mobile</template_master_key>
    </template>
    <template>
      <template_group>skin_realstats_global</template_group>
      <template_content><![CDATA[<if test="hasGeneralStats:|:is_array($stats) && count($stats)">
<foreach loop="generalStatsApps:$stats as $app => $data">
	<if test="hasAppStats:|:is_array($data) && count($data)">
<php>
//so she doesnt explode... dunno, dont ask.
$_lang = $this->lang->words['realstats_tab_'.$app]?$this->lang->words['realstats_tab_'.$app]:IPSLib::getAppTitle($app);
</php>
<h3>{$_lang}</h3>
<foreach loop="statsData:$data as $key => $stat">
			<div class='row'>
            			<if test="hasLangString:|:$this->lang->words[$key]">{$this->lang->words[$key]}<else />{$key}</if>
            			<div class='right'>{$stat}</div>
	            	</div>
        	</foreach>
</foreach>
</if>]]></template_content>
      <template_name>realStatsApp_core</template_name>
      <template_data>$stats</template_data>
      <template_updated>1345024117</template_updated>
      <template_removable>0</template_removable>
      <template_user_added>0</template_user_added>
      <template_user_edited>0</template_user_edited>
      <template_master_key>mobile</template_master_key>
    </template>
    <template>
      <template_group>skin_realstats_global</template_group>
      <template_content><![CDATA[<if test="hasCategoriesFiles:|:is_array($categoriesFiles) && count($categoriesFiles)">
<h3>{$this->lang->words['top_10_categories_files']}</h3>
		<foreach loop="topCategoriesFiles:$categoriesFiles as $category">
<if test="hasFilesCategory:|:$category['files']">
<div class='row'>
<a href="{parse url="app=downloads=showcat={$category['cid']}" seotitle="{IPSText::makeSeoTitle($category['cname'])}" template="idmshowcat" base="public"}" title="{$category['cname']}"><if test="topCategoriesFilesTruncate:|:$truncate">{IPSText::truncate($category['cname'], $truncate)}<else />{$category['cname']}</if></a> - {parse date="$category['date']" format="LONG"} - {parse template="userHoverCard" group="global" params="$category['member']"}
<div class='right'>{parse format_number="$category['files']"} {$this->lang->words['stat_files']}</div>
	            	</div>
</if>
        	</foreach>
        </if>
<if test="hasCategoriesViews:|:is_array($categoriesViews) && count($categoriesViews)">
<h3>{$this->lang->words['top_10_categories_views']}</h3>
		<foreach loop="topCategoriesViews:$categoriesViews as $category">
<if test="hasViewsCategory:|:$category['views']">
		<div class='row'>
<a href="{parse url="app=downloads=showcat={$category['cid']}" seotitle="{IPSText::makeSeoTitle($category['cname'])}" template="idmshowcat" base="public"}" title="{$category['cname']}"><if test="topCategoriesViewsTruncate:|:$truncate">{IPSText::truncate($category['cname'], $truncate)}<else />{$category['cname']}</if></a> - {parse date="$category['date']" format="LONG"} - {parse template="userHoverCard" group="global" params="$category['member']"}
<div class='right'>{parse format_number="$category['views']"} {$this->lang->words['stat_views']}</div>
	            	</div>
</if>
        	</foreach>
        </if>
	<if test="hasCategoriesDownloads:|:is_array($categoriesDownloads) && count($categoriesDownloads)">
<h3>{$this->lang->words['top_10_categories_downloads']}</h3>
		<foreach loop="topCategoriesDownloads:$categoriesDownloads as $category">
<if test="hasDownloadsCategory:|:$category['downloads']">
<div class='row'>
<a href="{parse url="app=downloads=showcat={$category['cid']}" seotitle="{IPSText::makeSeoTitle($category['cname'])}" template="idmshowcat" base="public"}" title="{$category['cname']}"><if test="topCategoriesDownloadsTruncate:|:$truncate">{IPSText::truncate($category['cname'], $truncate)}<else />{$category['cname']}</if></a> - {parse date="$category['date']" format="LONG"} - {parse template="userHoverCard" group="global" params="$category['member']"}
<div class='right'>{parse format_number="$category['downloads']"} {$this->lang->words['stat_downloads']}</div>
	            	</div>
</if>
        	</foreach>
        </if>

	<if test="hasFileViews:|:is_array($filesView) && count($filesView)">
<h3>{$this->lang->words['top_10_files_views']}</h3>
		<foreach loop="topFileViews:$filesView as $file">
<if test="hasViewsFile:|:$file['views']">
<div class='row'>
<a href="{parse url="app=downloads=showfile={$file['file_id']}" seotitle="{$file['file_name_furl']}" template="idmshowfile" base="public"}" title="{$file['file_name']}"><if test="topViewsFileTruncate:|:$truncate">{IPSText::truncate($file['file_name'], $truncate)}<else />{$file['file_name']}</if></a> - {parse date="$file['file_updated']" format="LONG"} - {parse template="userHoverCard" group="global" params="$file['member']"}
            		<div class='right'>{parse format_number="$file['views']"} {$this->lang->words['stat_views']}</div>
	            	</div>
</if>
        	</foreach>
        </if>
	<if test="hasFileDownloads:|:is_array($filesDownloads) && count($filesDownloads)">
<h3>{$this->lang->words['top_10_files_downloads']}</h3>
		<foreach loop="topFileDownloads:$filesDownloads as $file">
<if test="hasDownloadsFile:|:$file['downloads']">
<div class='row'>
<a href="{parse url="app=downloads=showfile={$file['file_id']}" seotitle="{$file['file_name_furl']}" template="idmshowfile" base="public"}" title="{$file['file_name']}"><if test="topDownloadsFileTruncate:|:$truncate">{IPSText::truncate($file['file_name'], $truncate)}<else />{$file['file_name']}</if></a> - {parse date="$file['file_updated']" format="LONG"} - {parse template="userHoverCard" group="global" params="$file['member']"}
            			<div class='right'>{parse format_number="$file['downloads']"} {$this->lang->words['stat_downloads']}</div>
	            	</div>
</if>
        	</foreach>
        </if>
	<if test="hasFileRating:|:is_array($filesRating) && count($filesRating)">
<h3>{$this->lang->words['top_10_files_rating']}</h3>
		<foreach loop="topFileRating:$filesRating as $file">
<if test="hasRatingFile:|:$file['rating']">
<div class='row'>
 <a href="{parse url="app=downloads=showfile={$file['file_id']}" seotitle="{$file['file_name_furl']}" template="idmshowfile" base="public"}" title="{$file['file_name']}"><if test="topRatingFileTruncate:|:$truncate">{IPSText::truncate($file['file_name'], $truncate)}<else />{$file['file_name']}</if></a> - {parse date="$file['file_updated']" format="LONG"} - {parse template="userHoverCard" group="global" params="$file['member']"}
<div class='right'>{parse template="topic_rating_image" group="forum" params="$file['rating']"}</div>
	            	</div>
</if>
        	</foreach>
        </if>
	<if test="hasTopAuthors:|:is_array($topAuthors) && count ($topAuthors)">
		<foreach loop="topAuthors:$topAuthors as $members">
<h3>{$this->lang->words['top_10_authors']}</h3>
<if test="hasDownloads:|:$members['total_files']">
<if test="mobileFixPhotos:|:$members['member']['_customClass'] = 'photo'"></if>
			<div class='row'>
<div class='left'>{parse template="userSmallPhoto" group="global" params="$members['member']"}&nbsp;&nbsp;&nbsp;{parse template="userHoverCard" group="global" params="$members['member']"} - {$this->lang->words['last_active']} {parse date="$members['member']['last_activity']" format="LONG"}</div>
            		<div class='right'>{parse format_number="$members['total_files']"} {$this->lang->words['stat_downloads']}</div>
	            	</div>
</if>
        	</foreach>
        </if>]]></template_content>
      <template_name>realStatsApp_downloads</template_name>
      <template_data>$categoriesFiles=array(), $categoriesViews=array(), $categoriesDownloads=array(), $filesView=array(), $filesDownloads=array(), $filesRating=array(), $topAuthors=array(), $truncate</template_data>
      <template_updated>1345024117</template_updated>
      <template_removable>0</template_removable>
      <template_user_added>0</template_user_added>
      <template_user_edited>0</template_user_edited>
      <template_master_key>mobile</template_master_key>
    </template>
    <template>
      <template_group>skin_realstats_global</template_group>
      <template_content><![CDATA[<if test="hasForumsTopic:|:is_array($forumsTopic) && count($forumsTopic)">
<h3>{$this->lang->words['top_10_boards_topics']}</h3>
		<foreach loop="topForumsTopic:$forumsTopic as $forums">
<if test="hasTopicsForum:|:$forums['topics']">
			<div class='row'>
<a href="{parse url="showforum={$forums['id']}" seotitle="{$forums['name_seo']}" template="showforum" base="public"}" title="{$forums['name']}"><if test="topTopicsForumTruncate:|:$truncate">{IPSText::truncate($forums['name'], $truncate)}<else />{$forums['name']}</if></a> - {parse date="$forums['last_post']" format="LONG"} - {parse template="userHoverCard" group="global" params="$forums['member']"}
            			<div class='right'>{parse format_number="$forums['topics']"} {$this->lang->words['stat_topics']}</div>
	            	</div>
</if>
        	</foreach>
        </if>


	<if test="hasForumsReply:|:is_array($forumsReply) && count ($forumsReply)">
<h3>{$this->lang->words['top_10_boards_replies']}</h3>
		<foreach loop="topforumsReply:$forumsReply as $forums">
<if test="hasReplyForum:|:$forums['posts']">
			<div class='row'>
            			<a href="{parse url="showforum={$forums['id']}" seotitle="{$forums['name_seo']}" template="showforum" base="public"}" title="{$forums['name']}"><if test="topReplyForumTruncate:|:$truncate">{IPSText::truncate($forums['name'], $truncate)}<else />{$forums['name']}</if></a> - {parse date="$forums['last_post']" format="LONG"} - {parse template="userHoverCard" group="global" params="$forums['member']"}
            			<div class='right'>{parse format_number="$forums['posts']"} {$this->lang->words['stat_replies']}
</div>
</div>
</if>
        	</foreach>
        </if>


	<if test="hasTopicsReply:|:is_array($topicsReply) && count ($topicsReply)">
<h3>{$this->lang->words['top_10_topics_replies']}</h3>
		<foreach loop="topTopicsReply:$topicsReply as $topics">
<if test="hasReplyTopic:|:$topics['posts']">
<div class='row'>
<a href='{parse url="showtopic={$topics['tid']}" base="public" template="showtopic" seotitle="{$topics['title_seo']}"}' title='{parse expression="strip_tags($topics['title'])"} - {parse date="$topics['start_date']" format="LONG"}'>
<if test="topReplyTopicTruncate:|:$truncate">{IPSText::truncate($topics['title'], $truncate)}<else />{$topics['title']}</if></a> - {parse date="$topics['start_date']" format="LONG"} - {parse template="userHoverCard" group="global" params="$topics['member']"}
            			<div class='right'>{parse format_number="$topics['posts']"} {$this->lang->words['stat_replies']}</div>
	            	</div>
</if>
        	</foreach>
        </if>

	<if test="hasTopicsView:|:is_array($topicsView) && count ($topicsView)">
<h3>{$this->lang->words['top_10_topics_views']}</h3>
		<foreach loop="topTopicsView:$topicsView as $topics">
<if test="hasViewTopic:|:$topics['views']">
<div class='row'>
<a href='{parse url="showtopic={$topics['tid']}" base="public" template="showtopic" seotitle="{$topics['title_seo']}"}' title='{parse expression="strip_tags($topics['title'])"} - {parse date="$topics['start_date']" format="LONG"}'><if test="topViewTopicTruncate:|:$truncate">{IPSText::truncate($topics['title'], $truncate)}<else />{$topics['title']}</if></a> - {parse date="$topics['start_date']" format="LONG"} - {parse template="userHoverCard" group="global" params="$topics['member']"}
<div class='right'>{parse format_number="$topics['views']"} {$this->lang->words['stat_views']}</div>
	            	</div>
</if>
        	</foreach>
        </if>
	<if test="hasTopicsRate:|:is_array($topicsRating) && count ($topicsRating)">
<h3>{$this->lang->words['top_10_topics_rating']}</h3>
		<foreach loop="topTopicsRate:$topicsRating as $topics">
<if test="hasRateTopic:|:$topics['rating']">
<div class='row'>
<a href='{parse url="showtopic={$topics['tid']}" base="public" template="showtopic" seotitle="{$topics['title_seo']}"}' title='{parse expression="strip_tags($topics['title'])"} - {parse date="$topics['start_date']" format="LONG"}'><if test="topRateTopicTruncate:|:$truncate">{IPSText::truncate($topics['title'], $truncate)}<else />{$topics['title']}</if></a> - {parse date="$topics['start_date']" format="LONG"} - {parse template="userHoverCard" group="global" params="$topics['member']"}
            			<div class='right'>{parse template="topic_rating_image" group="forum" params="$topics['rating']"}</div>
	            	</div>
</if>
        	</foreach>
        </if>
	<if test="hasTopPosters:|:is_array($topPosters) && count($topPosters)">
<h3>{$this->lang->words['top_10_posters']}</h3>
		<foreach loop="topPosters:$topPosters as $members">
<if test="hasPosts:|:$members['posts']">
<div class='row'>
<div class='left'>
<if test="mobileFixPhotos:|:$members['_customClass'] = 'photo'"></if>
{parse template="userSmallPhoto" group="global" params="$members"}&nbsp;&nbsp;&nbsp;
{parse template="userHoverCard" group="global" params="$members"} - {$this->lang->words['last_active']} {parse date="$members['last_activity']" format="LONG"}</div>
<div class='right'>{parse format_number="$members['posts']"} {$this->lang->words['stat_posts']}</div>
</div>
</if>
        	</foreach>
        </if>]]></template_content>
      <template_name>realStatsApp_forums</template_name>
      <template_data>$forumsReply=array(), $forumsTopic=array(), $topicsReply=array(), $topicsView=array(), $topicsRating=array(), $topPosters=array(), $truncate</template_data>
      <template_updated>1345024117</template_updated>
      <template_removable>0</template_removable>
      <template_user_added>0</template_user_added>
      <template_user_edited>0</template_user_edited>
      <template_master_key>mobile</template_master_key>
    </template>
    <template>
      <template_group>skin_realstats_global</template_group>
      <template_content><![CDATA[<if test="weGotCustomTitle:|:$customTitle = $this->request['stats_app']?$this->lang->words['realstats_tab_title_'.$this->request['stats_app']]:$this->lang->words['realstats_tab_title_'.$default_tab]"></if>
<h2 class='ipsType_pagetitle'>
<if test="weDoGotCustomTitle:|:$customTitle">
{$customTitle}
<else />
{parse expression="IPSLib::getAppTitle('realstats')"}: 
<if test="makeTitleStuff:|:$_app = ($this->lang->words['realstats_tab_'.$this->request['stats_app']]?$this->lang->words['realstats_tab_'.$this->request['stats_app']]:($this->lang->words['realstats_tab_'.$default_tab]?$this->lang->words['realstats_tab_'.$default_tab]:($this->request['stats_app']?IPSLib::getAppTitle($this->request['stats_app']):IPSLib::getAppTitle($default_tab))))"></if>
{$_app}
</if>
</h2>
<div class='master_list' id='mobile_realstats'>
<div class='controls'>
<div class='buttons'>
<a href='{parse url="app=realstats" base="public" seotitle="{IPSText::makeSeoTitle(IPSLib::getAppTitle('realstats'))}" template="app=realstats"}' class='button page-button<if test="isLanding:|:$default_tab=='default'"> disabled</if>' style='width:auto!important;' title='{parse expression="sprintf($this->lang->words['go_to_prefix'], $this->lang->words['realstats_tab_default'])"}'>{$this->lang->words['realstats_tab_default']}</a>
				<foreach loop="tabs:$tabs as $tab => $lang">
<if test="makeTabLangStuff:|:$_lang = $this->lang->words['realstats_tab_'.$tab]?$this->lang->words['realstats_tab_'.$tab]:$lang"></if>
					<a href='{parse url="app=realstats&amp;stats_app={$tab}" seotitle="{$tab}" template="realstats_app" base="public"}' title='{parse expression="sprintf($this->lang->words['go_to_prefix'], $lang)"}' class='button page-button<if test="tabactive:|:$tab == $default_tab || $this->request['stats_app'] == $tab"> disabled</if>' style='width:auto!important;'>{$lang}</a>
				</foreach>
</div>
</div>
{$default_tab_content}
<div class='controls'>
<div class='buttons'>
<a href='{parse url="app=realstats" base="public" seotitle="{IPSText::makeSeoTitle(IPSLib::getAppTitle('realstats'))}" template="app=realstats"}' class='button page-button<if test="isLanding2:|:$default_tab=='default'"> disabled</if>' style='width:auto!important;' title='{parse expression="sprintf($this->lang->words['go_to_prefix'], $this->lang->words['realstats_tab_default'])"}'>{$this->lang->words['realstats_tab_default']}</a>
				<foreach loop="tabs2:$tabs as $tab => $lang">
<if test="makeTabLangStuff2:|:$_lang = $this->lang->words['realstats_tab_'.$tab]?$this->lang->words['realstats_tab_'.$tab]:$lang"></if>
					<a href='{parse url="app=realstats&amp;stats_app={$tab}" seotitle="{$tab}" template="realstats_app" base="public"}' title='{parse expression="sprintf($this->lang->words['go_to_prefix'], $_lang)"}' class='button page-button<if test="tabactive2:|:$tab == $default_tab || $this->request['stats_app'] == $tab"> disabled</if>' style='width:auto!important;'>{$_lang}</a>
				</foreach>
</div>
</div>
</div>]]></template_content>
      <template_name>realStatsWrapper</template_name>
      <template_data><![CDATA[$tabs, $default_tab='default', $default_tab_content='']]></template_data>
      <template_updated>1345024117</template_updated>
      <template_removable>0</template_removable>
      <template_user_added>0</template_user_added>
      <template_user_edited>0</template_user_edited>
      <template_master_key>mobile</template_master_key>
    </template>
  </templategroup>
</templates>
