<?xml version="1.0" encoding="utf-8"?>
<templates application="realstats" templategroups="a:1:{s:15:&quot;skin_realstats_&quot;;s:8:&quot;contains&quot;;}">
  <templategroup group="skin_realstats_global">
    <template>
      <template_group>skin_realstats_global</template_group>
      <template_content><![CDATA[<div id='board_statistics' class='statistics clearfix'>
        <h4 class='statistics_head'>{parse expression="sprintf( $this->lang->words['active_users'], $activeUsers['stats']['total'], $this->settings['au_cutoff'] )"}</h4>
        <p class='statistics_brief'>{parse expression="sprintf( $this->lang->words['active_users_detail'], $activeUsers['stats']['members'], $activeUsers['stats']['guests'], $activeUsers['stats']['anon'] )"}</p>
        
        <if test="realstatshasactiveusers:|:is_array( $activeUsers['names'] ) AND count( $activeUsers['names'] )">
                <br />
                <p>
                        <span class='name'>{parse expression="implode( ",</span> <span class='name'>", $activeUsers['names'] )"}</span>
                </p>
        </if>
</div>]]></template_content>
      <template_name>currentlyViewing</template_name>
      <template_data>$activeUsers=array()</template_data>
      <template_updated>1345024112</template_updated>
      <template_removable>0</template_removable>
      <template_user_added>0</template_user_added>
      <template_user_edited>0</template_user_edited>
      <template_master_key>root</template_master_key>
    </template>
    <template>
      <template_group>skin_realstats_global</template_group>
      <template_content><![CDATA[<!--no data in this master skin-->]]></template_content>
      <template_name>mobileAppLink</template_name>
      <template_data/>
      <template_updated>1345024112</template_updated>
      <template_removable>0</template_removable>
      <template_user_added>0</template_user_added>
      <template_user_edited>0</template_user_edited>
      <template_master_key>root</template_master_key>
    </template>
    <template>
      <template_group>skin_realstats_global</template_group>
      <template_content><![CDATA[<if test="hasBlogViews:|:is_array($topBlogsbyViews) && count($topBlogsbyViews)">
<div class='maintitle'>{$this->lang->words['top_10_blogs_views']}</div>
<div class='ipsBox ipsPad_half'>
<div class='ipsBox_container ipsReset'>
<table class='ipb_table'>

		<foreach loop="topViewedBlogs:$topBlogsbyViews as $blog">
<if test="hasViewBlogs:|:$blog['views']">
			<tr>
            			<td><a href='{parse url="app=blog&amp;module=display&amp;section=blog&amp;blogid={$blog['blog_id']}" template="showblog" seotitle="{$blog['blog_seo_name']}" base="public"}' title="{$blog['blog_name']}"><if test="topViewedBlogsTruncate:|:$truncate">{IPSText::truncate($blog['blog_name'], $truncate)}<else />{$blog['blog_name']}</if></a> - {parse date="$blog['blog_last_edate']" format="LONG"} - {parse template="userHoverCard" group="global" params="$blog['member']"}</td>
            			<td align='right'>{parse format_number="$blog['views']"} {$this->lang->words['stat_views']}</td>
	            	</tr>
</if>
        	</foreach>

</table>
</div>
</div>
<br/>
 </if>
	
	<if test="hasBlogReplies:|:is_array($topBlogsbyReply) && count($topBlogsbyReply)">
<div class='maintitle'>{$this->lang->words['top_10_blogs_reply']}</div>
<div class='ipsBox ipsPad_half'>
<div class='ipsBox_container ipsReset'>
<table class='ipb_table'>

		<foreach loop="topBlogReplies:$topBlogsbyReply as $blog">
<if test="hasRepliesBlog:|:$blog['comments']">
			<tr>
            			<td><a href='{parse url="app=blog&amp;module=display&amp;section=blog&amp;blogid={$blog['blog_id']}" template="showblog" seotitle="{$blog['blog_seo_name']}" base="public"}' title="{$blog['blog_name']}"><if test="topBlogRepliesTruncate:|:$truncate">{IPSText::truncate($blog['blog_name'], $truncate)}<else />{$blog['blog_name']}</if></a> - {parse date="$blog['blog_last_edate']" format="LONG"} - {parse template="userHoverCard" group="global" params="$blog['member']"}</td>
            			<td align='right'>{parse format_number="$blog['comments']"} {$this->lang->words['stat_comments']}</td>
	            	</tr>
</if>
        	</foreach>
</table>
</div></div>
<br/>
</if>
<if test="hasBlogRate:|:is_array($topBlogsbyRate) && count($topBlogsbyRate)">
<div class='maintitle'>{$this->lang->words['top_10_blogs_rating']}</div>
<div class='ipsBox ipsPad_half'>
<div class='ipsBox_container ipsReset'>
<table class='ipb_table'>

		<foreach loop="topBlogRate:$topBlogsbyRate as $blog">
<if test="hasRateBlog:|:$blog['rating']">
			<tr>
            			<td><a href='{parse url="app=blog&amp;module=display&amp;section=blog&amp;blogid={$blog['blog_id']}" template="showblog" seotitle="{$blog['blog_seo_name']}" base="public"}' title="{$blog['blog_name']}"><if test="topBlogRateTruncate:|:$truncate">{IPSText::truncate($blog['blog_name'], $truncate)}<else />{$blog['blog_name']}</if></a> - {parse date="$blog['blog_last_edate']" format="LONG"} - {parse template="userHoverCard" group="global" params="$blog['member']"}</td>
            			<td align='right'>{parse template="topic_rating_image" group="forum" params="$blog['rating']"}</td>
	            	</tr>
</if>
        	</foreach>
</table>
</div>
</div>
<br/>
</if>
<if test="hasEntryRating:|:is_array($topEntriesbyRate) && count($topEntriesbyRate)">
<div class='maintitle'>{$this->lang->words['top_10_entries_rating']}</div>
<div class='ipsBox ipsPad_half'>
<div class='ipsBox_container ipsReset'>
<table class='ipb_table'>

		<foreach loop="topEntryRating:$topEntriesbyRate as $entry">
<if test="hasRatingEntry:|:$entry['rating']">
					<td><a href='{parse url="app=blog&amp;module=display&amp;section=blog&amp;blogid={$entry['blog_id']}&amp;showentry={$entry['entry_id']}" template="showentry" seotitle="{$entry['entry_name_seo']}" base="public"}' title="{$entry['entry_name']} - {parse date="$entry['entry_date']" format="LONG"}"><if test="topViewedEntryTruncate:|:$truncate">{IPSText::truncate($entry['entry_name'], $truncate)}<else />{$entry['entry_name']}</if></a> - {parse date="$entry['entry_date']" format="LONG"} - {parse template="userHoverCard" group="global" params="$entry['member']"}</td>
            			<td align='right'>{parse template="topic_rating_image" group="forum" params="$entry['rating']"}</td>
	            	</tr>
</if>
        	</foreach>
</table>
</div></div><br/>
</if>

<if test="hasEntryViews:|:is_array($topEntriesbyViews) && count($topEntriesbyViews)">
<div class='maintitle'>{$this->lang->words['top_10_entries_views']}</div>
<div class='ipsBox ipsPad_half'>
<div class='ipsBox_container ipsReset'>
<table class='ipb_table'>

		<foreach loop="topEntryViews:$topEntriesbyViews as $entry">
<if test="hasViewsEntry:|:$entry['views']">
			<tr>
            			<td><a href='{parse url="app=blog&amp;module=display&amp;section=blog&amp;blogid={$entry['blog_id']}&amp;showentry={$entry['entry_id']}" template="showentry" seotitle="{$entry['entry_name_seo']}" base="public"}' title="{$entry['entry_name']} - {parse date="$entry['entry_date']" format="LONG"}"><if test="topViewedEntryTruncate:|:$truncate">{IPSText::truncate($entry['entry_name'], $truncate)}<else />{$entry['entry_name']}</if></a> - {parse date="$entry['entry_date']" format="LONG"} - {parse template="userHoverCard" group="global" params="$entry['member']"}</td>
            			<td align='right'>{parse format_number="$entry['views']"} {$this->lang->words['stat_views']}</td>
	            	</tr>
</if>
        	</foreach>
       
</table>
</div></div>
<br/>
 </if>
<if test="hasEntryReply:|:is_array($topEntriesbyReply) && count($topEntriesbyReply)">
<div class='maintitle'>{$this->lang->words['top_10_entries_reply']}</div>
<div class='ipsBox ipsPad_half'>
<div class='ipsBox_container ipsReset'>
<table class='ipb_table'>

		<foreach loop="topEntryReply:$topEntriesbyReply as $entry">
<if test="hasReplyEntry:|:$entry['comments']">
			<tr>
            			<td><a href='{parse url="app=blog&amp;module=display&amp;section=blog&amp;blogid={$entry['blog_id']}&amp;showentry={$entry['entry_id']}" template="showentry" seotitle="{$entry['entry_name_seo']}" base="public"}#commentsStart' title="{$entry['entry_name']} - {parse date="$entry['entry_date']" format="LONG"}"><if test="topReplyEntryTruncate:|:$truncate">{IPSText::truncate($entry['entry_name'], $truncate)}<else />{$entry['entry_name']}</if></a> - {parse date="$entry['entry_date']" format="LONG"} - {parse template="userHoverCard" group="global" params="$entry['member']"}</td>
            			<td align='right'>{parse format_number="$entry['comments']"} {$this->lang->words['stat_comments']}</td>
	            	</tr>
</if>
        	</foreach>
       
</table>
</div>
</div>
<br/>	
 </if>
<if test="hasTopBloggers:|:is_array($topBloggers) && count($topBloggers)">
<div class='maintitle'>{$this->lang->words['top_10_bloggers']}</div>
<div class='ipsBox ipsPad_half'>
<div class='ipsBox_container ipsReset'>
<table class='ipb_table'>

		<foreach loop="topBloggers:$topBloggers as $members">
<if test="hasEntries:|:$members['entries']">
			<tr>
<td class='col_c_icon'>{parse template="userSmallPhoto" group="global" params="$members['member']"}</td>
<td>{parse template="userHoverCard" group="global" params="$members['member']"} - {$this->lang->words['last_active']} {parse date="$members['member']['last_activity']" format="LONG"}</td>
            			<td align='right'>{parse format_number="$members['entries']"} {$this->lang->words['stat_entries']}</td>
	            	</tr>
</if>
        	</foreach>       
</table>
</div>
</div>
<br/>
</if>]]></template_content>
      <template_name>realStatsApp_blog</template_name>
      <template_data>$topBlogsbyViews=array(), $topBlogsbyReply=array(), $topBlogsbyRate=array(), $topEntriesbyViews=array(), $topEntriesbyReply=array(), $topEntriesbyRate=array(), $topBloggers=array(), $truncate</template_data>
      <template_updated>1345024112</template_updated>
      <template_removable>0</template_removable>
      <template_user_added>0</template_user_added>
      <template_user_edited>0</template_user_edited>
      <template_master_key>root</template_master_key>
    </template>
    <template>
      <template_group>skin_realstats_global</template_group>
      <template_content><![CDATA[<if test="hasDatabaseRecords:|:is_array($databasesByRecord) && count($databasesByRecord)">
<div class='maintitle'>{$this->lang->words['top_10_databases_records']}</div>
<div class='ipsBox ipsPad_half'>
<div class='ipsBox_container ipsReset'>
<table class='ipb_table'>
		<foreach loop="topDatabases:$databasesByRecord as $database">
<if test="hasDatabaseRecords2:|:$database['database_record_count']">
			<tr>
            			<td><a href="{$database['database_link']}" title="{$database['database_name']}"><if test="topDatabasesTruncate:|:$truncate">{IPSText::truncate($database['database_name'], $truncate)}<else />{$database['database_name']}</if></a></td>
            			<td align='right'>{parse format_number="$database['database_record_count']"} {$database['database_lang_pu']}</td>
	            	</tr>
</if>
        	</foreach>
</table>
</div>
</div>
<br/>
</if>
<if test="hasCategoryRecords:|:is_array($categoriesByRecord) && count ($categoriesByRecord)">
<div class='maintitle'>{$this->lang->words['top_10_categories_records']}</div>
<div class='ipsBox ipsPad_half'>
<div class='ipsBox_container ipsReset'>
<table class='ipb_table'>
		<foreach loop="topCategoriesRecords:$categoriesByRecord as $category">
<if test="hasRecordsCategory:|:$category['category_records']">
			<tr>
            			<td><a href="{$category['category_link']}" title="{$category['category_name']}"><if test="topCategoriesTruncate:|:$truncate">{IPSText::truncate($category['category_name'], $truncate)}<else />{$category['category_name']}</if></a> - {parse date="$category['category_last_record_date']" format="LONG"} - {parse template="userHoverCard" group="global" params="$category['member']"}</td>
            			<td align='right'>{parse format_number="$category['category_records']"} {$category['_lang']}</td>
	            	</tr>
</if>
        	</foreach>
</table>
</div></div>
<br/>
</if>
	<if test="hasRecordsByView:|:is_array($recordsByView) && count($recordsByView)">
<div class='maintitle'>{$this->lang->words['top_10_records_view']}</div>
<div class='ipsBox ipsPad_half'>
<div class='ipsBox_container ipsReset'>
<table class='ipb_table'>
		<foreach loop="topRecordsByView:$recordsByView as $record">
<if test="hasRecordsByView2:|:$record['record_views']">
			<tr>
            			<td><a href="{$record['record_link']}" title="{$record['record_title']}"><if test="topRecordsByViewTruncate:|:$truncate">{IPSText::truncate($record['record_title'], $truncate)}<else />{$record['record_title']}</if></a> - {parse date="$record['record_saved']" format="LONG"} - {parse template="userHoverCard" group="global" params="$record['member']"}</td>
            			<td align='right'>{parse format_number="$record['record_views']"} {$this->lang->words['stat_views']}</td>
	            	</tr>
</if>
        	</foreach>
</table>
</div>
</div>
<br/>
</if>
	<if test="hasRecordsByReply:|:is_array($recordsByReply) && count ($recordsByReply)">
<div class='maintitle'>{$this->lang->words['top_10_records_reply']}</div>
<div class='ipsBox ipsPad_half'>
<div class='ipsBox_container ipsReset'>
<table class='ipb_table'>
		<foreach loop="topRecordsByReply:$recordsByReply as $record">
<if test="hasRecordsByReply2:|:$record['record_comments']">
			<tr>
            			<td><a href="{$record['record_link']}" title="{$record['record_title']}"><if test="topRecordsByReplyTruncate:|:$truncate">{IPSText::truncate($record['record_title'], $truncate)}<else />{$record['record_title']}</if></a> - {parse date="$record['record_saved']" format="LONG"} - {parse template="userHoverCard" group="global" params="$record['member']"}</td>
            			<td align='right'>{parse format_number="$record['record_comments']"} {$this->lang->words['stat_comments']}</td>
	            	</tr>
</if>
        	</foreach>
</table>
</div></div>
<br/>
</if>
	<if test="hasRecordsByRate:|:is_array($recordsByRate) && count ($recordsByRate)">
<div class='maintitle'>{$this->lang->words['top_10_records_rate']}</div>
<div class='ipsBox ipsPad_half'>
<div class='ipsBox_container ipsReset'>
<table class='ipb_table'>
		<foreach loop="topRecordsByRate:$recordsByRate as $record">
<if test="hasRecordsByRate2:|:$record['rating_real']">
			<tr>
            			<td><a href="{$record['record_link']}" title="{$record['record_title']}"><if test="topRecordsByRateTruncate:|:$truncate">{IPSText::truncate($record['record_title'], $truncate)}<else />{$record['record_title']}</if></a> - {parse date="$record['record_saved']" format="LONG"} - {parse template="userHoverCard" group="global" params="$record['member']"}</td>
            			<td align='right'>{parse template="topic_rating_image" group="forum" params="$record['rating_real']"}</td>
	            	</tr>
</if>
        	</foreach>
        </if>
</table>
</div>
</div>
<br/>
</if>
	<if test="hasTopSubmitters:|:is_array($topSubmitters) && count($topSubmitters)">
<div class='maintitle'>{$this->lang->words['top_10_submitters']}</div>
<div class='ipsBox ipsPad_half'>
<div class='ipsBox_container ipsReset'>
<table class='ipb_table'>
		<foreach loop="topSubmitters:$topSubmitters as $members">
<if test="hasSubmissions:|:$members['record_count']">
			<tr>
<td class='col_c_icon'>{parse template="userSmallPhoto" group="global" params="$members['member']"}</td>
<td>{parse template="userHoverCard" group="global" params="$members['member']"} - {$this->lang->words['last_active']} {parse date="$members['member']['last_activity']" format="LONG"}</td>
            			<td align='right'>{parse format_number="$members['record_count']"} {$this->lang->words['stat_submissions']}</td>
	            	</tr>
</if>
        	</foreach>
        </if>
</table>
</div>
</div>
<br/>
</if>]]></template_content>
      <template_name>realStatsApp_ccs</template_name>
      <template_data>$databasesByRecord=array(), $categoriesByRecord=array(), $recordsByView=array(), $recordsByReply=array(), $recordsByRate=array(), $topSubmitters=array(), $truncate</template_data>
      <template_updated>1345024112</template_updated>
      <template_removable>0</template_removable>
      <template_user_added>0</template_user_added>
      <template_user_edited>0</template_user_edited>
      <template_master_key>root</template_master_key>
    </template>
    <template>
      <template_group>skin_realstats_global</template_group>
      <template_content><![CDATA[<if test="startCounter:|:$this->_counter = 0"></if>
<if test="hasGeneralStats:|:is_array($stats) && count($stats)">
<foreach loop="generalStatsApps:$stats as $app => $data">
	<if test="hasAppStats:|:is_array($data) && count($data)">
<div style='width: 49.7%;' class='<if test="counterCheck:|:($this->_counter%2)!=0">right<else />left</if>'>
<div class='maintitle'>{parse expression="IPSLib::getAppTitle($app)"}</div>
<div class='ipsBox ipsPad_half'>
<div class='ipsBox_container ipsReset'>
<table class='ipb_table'>
		<foreach loop="statsData:$data as $key => $stat">
			<tr>
            			<td><if test="hasLangString:|:$this->lang->words[$key]">{$this->lang->words[$key]}<else />{$key}</if></td>
            			<td align='right'>{$stat}</td>
	            	</tr>
        	</foreach>
        
</table>
</div>
</div>
</div>
<if test="counterCheckClear:|:($this->_counter%2)!=0">
<br class='clear' /><br class='clear' />
</if>
<if test="incrementCounter:|:$this->_counter++"></if>
</if>
</foreach>
<br class='clear' />
</if>]]></template_content>
      <template_name>realStatsApp_core</template_name>
      <template_data>$stats</template_data>
      <template_updated>1345024112</template_updated>
      <template_removable>0</template_removable>
      <template_user_added>0</template_user_added>
      <template_user_edited>0</template_user_edited>
      <template_master_key>root</template_master_key>
    </template>
    <template>
      <template_group>skin_realstats_global</template_group>
      <template_content><![CDATA[<if test="hasCategoriesFiles:|:is_array($categoriesFiles) && count($categoriesFiles)">
<div class='maintitle'>{$this->lang->words['top_10_categories_files']}</div>
<div class='ipsBox ipsPad_half'>
<div class='ipsBox_container ipsReset'>
<table class='ipb_table'>
		<foreach loop="topCategoriesFiles:$categoriesFiles as $category">
<if test="hasFilesCategory:|:$category['files']">
			<tr>
            			<td><a href="{parse url="app=downloads=showcat={$category['cid']}" seotitle="{IPSText::makeSeoTitle($category['cname'])}" template="idmshowcat" base="public"}" title="{$category['cname']}"><if test="topCategoriesFilesTruncate:|:$truncate">{IPSText::truncate($category['cname'], $truncate)}<else />{$category['cname']}</if></a> - {parse date="$category['date']" format="LONG"} - {parse template="userHoverCard" group="global" params="$category['member']"}</td>
            			<td align='right'>{parse format_number="$category['files']"} {$this->lang->words['stat_files']}</td>
	            	</tr>
</if>
        	</foreach>
</table>
</div>
</div>
<br/>
</if>
<if test="hasCategoriesViews:|:is_array($categoriesViews) && count($categoriesViews)">
<div class='maintitle'>{$this->lang->words['top_10_categories_views']}</div>
<div class='ipsBox ipsPad_half'>
<div class='ipsBox_container ipsReset'>
<table class='ipb_table'>
		<foreach loop="topCategoriesViews:$categoriesViews as $category">
<if test="hasViewsCategory:|:$category['views']">
			<tr>
            			<td><a href="{parse url="app=downloads=showcat={$category['cid']}" seotitle="{IPSText::makeSeoTitle($category['cname'])}" template="idmshowcat" base="public"}" title="{$category['cname']}"><if test="topCategoriesViewsTruncate:|:$truncate">{IPSText::truncate($category['cname'], $truncate)}<else />{$category['cname']}</if></a> - {parse date="$category['date']" format="LONG"} - {parse template="userHoverCard" group="global" params="$category['member']"}</td>
            			<td align='right'>{parse format_number="$category['views']"} {$this->lang->words['stat_views']}</td>
	            	</tr>
</if>
        	</foreach>
</table>
</div></div>
<br/>
</if>
<if test="hasCategoriesDownloads:|:is_array($categoriesDownloads) && count($categoriesDownloads)">
<div class='maintitle'>{$this->lang->words['top_10_categories_downloads']}</div>
<div class='ipsBox ipsPad_half'>
<div class='ipsBox_container ipsReset'>
<table class='ipb_table'>

		<foreach loop="topCategoriesDownloads:$categoriesDownloads as $category">
<if test="hasDownloadsCategory:|:$category['downloads']">
			<tr>
            			<td><a href="{parse url="app=downloads=showcat={$category['cid']}" seotitle="{IPSText::makeSeoTitle($category['cname'])}" template="idmshowcat" base="public"}" title="{$category['cname']}"><if test="topCategoriesDownloadsTruncate:|:$truncate">{IPSText::truncate($category['cname'], $truncate)}<else />{$category['cname']}</if></a> - {parse date="$category['date']" format="LONG"} - {parse template="userHoverCard" group="global" params="$category['member']"}</td>
            			<td align='right'>{parse format_number="$category['downloads']"} {$this->lang->words['stat_downloads']}</td>
	            	</tr>
</if>
        	</foreach>
</table>
</div>
</div>
<br/>
</if>
	<if test="hasFileViews:|:is_array($filesView) && count($filesView)">
<div class='maintitle'>{$this->lang->words['top_10_files_views']}</div>
<div class='ipsBox ipsPad_half'>
<div class='ipsBox_container ipsReset'>
<table class='ipb_table'>

		<foreach loop="topFileViews:$filesView as $file">
<if test="hasViewsFile:|:$file['views']">
			<tr>
            			<td><a href="{parse url="app=downloads=showfile={$file['file_id']}" seotitle="{$file['file_name_furl']}" template="idmshowfile" base="public"}" title="{$file['file_name']}"><if test="topViewsFileTruncate:|:$truncate">{IPSText::truncate($file['file_name'], $truncate)}<else />{$file['file_name']}</if></a> - {parse date="$file['file_updated']" format="LONG"} - {parse template="userHoverCard" group="global" params="$file['member']"}</td>
            			<td align='right'>{parse format_number="$file['views']"} {$this->lang->words['stat_views']}</td>
	            	</tr>
</if>
        	</foreach>
</table>
</div></div>
<br/>
</if>
<if test="hasFileDownloads:|:is_array($filesDownloads) && count($filesDownloads)">
<div class='maintitle'>{$this->lang->words['top_10_files_downloads']}</div>
<div class='ipsBox ipsPad_half'>
<div class='ipsBox_container ipsReset'>
<table class='ipb_table'>
		<foreach loop="topFileDownloads:$filesDownloads as $file">
<if test="hasDownloadsFile:|:$file['downloads']">
			<tr>
            			<td><a href="{parse url="app=downloads=showfile={$file['file_id']}" seotitle="{$file['file_name_furl']}" template="idmshowfile" base="public"}" title="{$file['file_name']}"><if test="topDownloadsFileTruncate:|:$truncate">{IPSText::truncate($file['file_name'], $truncate)}<else />{$file['file_name']}</if></a> - {parse date="$file['file_updated']" format="LONG"} - {parse template="userHoverCard" group="global" params="$file['member']"}</td>
            			<td align='right'>{parse format_number="$file['downloads']"} {$this->lang->words['stat_downloads']}</td>
	            	</tr>
</if>
        	</foreach>
</table>
</div>
</div>
<br/>
</if>
<if test="hasFileRating:|:is_array($filesRating) && count($filesRating)">
<div class='maintitle'>{$this->lang->words['top_10_files_rating']}</div>
<div class='ipsBox ipsPad_half'>
<div class='ipsBox_container ipsReset'>
<table class='ipb_table'>
<foreach loop="topFileRating:$filesRating as $file">
<if test="hasRatingFile:|:$file['rating']">
			<tr>
            			<td><a href="{parse url="app=downloads=showfile={$file['file_id']}" seotitle="{$file['file_name_furl']}" template="idmshowfile" base="public"}" title="{$file['file_name']}"><if test="topRatingFileTruncate:|:$truncate">{IPSText::truncate($file['file_name'], $truncate)}<else />{$file['file_name']}</if></a> - {parse date="$file['file_updated']" format="LONG"} - {parse template="userHoverCard" group="global" params="$file['member']"}</td>
            			<td align='right'>{parse template="topic_rating_image" group="forum" params="$file['rating']"}</td>
	            	</tr>
</if>
        	</foreach>
</table>
</div></div>
<br/>
</if>
<if test="hasTopAuthors:|:is_array($topAuthors) && count ($topAuthors)">
<div class='maintitle'>{$this->lang->words['top_10_authors']}</div>
<div class='ipsBox ipsPad_half'>
<div class='ipsBox_container ipsReset'>
<table class='ipb_table'>

		<foreach loop="topAuthors:$topAuthors as $members">
<if test="hasDownloads:|:$members['total_files']">
<if test="loadTopAuthors:|:$members['member'] = IPSMember::load($members['member_id'])"></if>
			<tr>
<td class='col_c_icon'>{parse template="userSmallPhoto" group="global" params="IPSMember::buildProfilePhoto($members['member'])"}</td>
<td>{parse template="userHoverCard" group="global" params="$members['member']"} - {$this->lang->words['last_active']} {parse date="$members['member']['last_activity']" format="LONG"}</td>
            			<td align='right'>{parse format_number="$members['total_files']"} {$this->lang->words['stat_downloads']}</td>
	            	</tr>
</if>
        	</foreach>
</table>
</div>
</div>
<br/>
</if>]]></template_content>
      <template_name>realStatsApp_downloads</template_name>
      <template_data>$categoriesFiles=array(), $categoriesViews=array(), $categoriesDownloads=array(), $filesView=array(), $filesDownloads=array(), $filesRating=array(), $topAuthors=array(), $truncate</template_data>
      <template_updated>1345024112</template_updated>
      <template_removable>0</template_removable>
      <template_user_added>0</template_user_added>
      <template_user_edited>0</template_user_edited>
      <template_master_key>root</template_master_key>
    </template>
    <template>
      <template_group>skin_realstats_global</template_group>
      <template_content><![CDATA[<if test="hasForumsTopic:|:is_array($forumsTopic) && count($forumsTopic)">
<div class='maintitle'>{$this->lang->words['top_10_boards_topics']}</div>
<div class='ipsBox ipsPad_half'>
<div class='ipsBox_container ipsReset'>
<table class='ipb_table'>
		<foreach loop="topForumsTopic:$forumsTopic as $forums">
<if test="hasTopicsForum:|:$forums['topics']">
			<tr>
            			<td><a href="{parse url="showforum={$forums['id']}" seotitle="{$forums['name_seo']}" template="showforum" base="public"}" title="{$forums['name']}"><if test="topTopicsForumTruncate:|:$truncate">{IPSText::truncate($forums['name'], $truncate)}<else />{$forums['name']}</if></a> - {parse date="$forums['last_post']" format="LONG"} - {parse template="userHoverCard" group="global" params="$forums['member']"}</td>
            			<td align='right'>{parse format_number="$forums['topics']"} {$this->lang->words['stat_topics']}</td>
	            	</tr>
</if>
        	</foreach>
</table>
</div>
</div>
<br/>
</if>
<if test="hasForumsReply:|:is_array($forumsReply) && count ($forumsReply)">
<div class='maintitle'>{$this->lang->words['top_10_boards_replies']}</div>
<div class='ipsBox ipsPad_half'>
<div class='ipsBox_container ipsReset'>
<table class='ipb_table'>
		<foreach loop="topforumsReply:$forumsReply as $forums">
<if test="hasReplyForum:|:$forums['posts']">
			<tr>
            			<td><a href="{parse url="showforum={$forums['id']}" seotitle="{$forums['name_seo']}" template="showforum" base="public"}" title="{$forums['name']}"><if test="topReplyForumTruncate:|:$truncate">{IPSText::truncate($forums['name'], $truncate)}<else />{$forums['name']}</if></a> - {parse date="$forums['last_post']" format="LONG"} - {parse template="userHoverCard" group="global" params="$forums['member']"}</td>
            			<td align='right'>{parse format_number="$forums['posts']"} {$this->lang->words['stat_replies']}</td>
	            	</tr>
</if>
        	</foreach>
</table>
</div></div>
<br/>
</if>
	<if test="hasTopicsReply:|:is_array($topicsReply) && count ($topicsReply)">
<div class='maintitle'>{$this->lang->words['top_10_topics_replies']}</div>
<div class='ipsBox ipsPad_half'>
<div class='ipsBox_container ipsReset'>
<table class='ipb_table'>
		<foreach loop="topTopicsReply:$topicsReply as $topics">
<if test="hasReplyTopic:|:$topics['posts']">
			<tr>
            			<td><a href='{parse url="showtopic={$topics['tid']}" base="public" template="showtopic" seotitle="{$topics['title_seo']}"}' title='{parse expression="strip_tags($topics['title'])"} - {parse date="$topics['start_date']" format="LONG"}'>
<if test="topReplyTopicTruncate:|:$truncate">{IPSText::truncate($topics['title'], $truncate)}<else />{$topics['title']}</if></a> - {parse date="$topics['start_date']" format="LONG"} - {parse template="userHoverCard" group="global" params="$topics['member']"}</td>
            			<td align='right'>{parse format_number="$topics['posts']"} {$this->lang->words['stat_replies']}</td>
	            	</tr>
</if>
        	</foreach>
</table>
</div></div>
<br/>
</if>
	<if test="hasTopicsView:|:is_array($topicsView) && count ($topicsView)">
<div class='maintitle'>{$this->lang->words['top_10_topics_views']}</div>
<div class='ipsBox ipsPad_half'>
<div class='ipsBox_container ipsReset'>
<table class='ipb_table'>
		<foreach loop="topTopicsView:$topicsView as $topics">
<if test="hasViewTopic:|:$topics['views']">
			<tr>
            			<td><a href='{parse url="showtopic={$topics['tid']}" base="public" template="showtopic" seotitle="{$topics['title_seo']}"}' title='{parse expression="strip_tags($topics['title'])"} - {parse date="$topics['start_date']" format="LONG"}'><if test="topViewTopicTruncate:|:$truncate">{IPSText::truncate($topics['title'], $truncate)}<else />{$topics['title']}</if></a> - {parse date="$topics['start_date']" format="LONG"} - {parse template="userHoverCard" group="global" params="$topics['member']"}</td>
            			<td align='right'>{parse format_number="$topics['views']"} {$this->lang->words['stat_views']}</td>
	            	</tr>
</if>
        	</foreach>
</table>
</div></div>
<br/>
</if>
	<if test="hasTopicsRate:|:is_array($topicsRating) && count ($topicsRating)">
<div class='maintitle'>{$this->lang->words['top_10_topics_rating']}</div>
<div class='ipsBox ipsPad_half'>
<div class='ipsBox_container ipsReset'>
<table class='ipb_table'>
		<foreach loop="topTopicsRate:$topicsRating as $topics">
<if test="hasRateTopic:|:$topics['rating']">
			<tr>
            			<td><a href='{parse url="showtopic={$topics['tid']}" base="public" template="showtopic" seotitle="{$topics['title_seo']}"}' title='{parse expression="strip_tags($topics['title'])"} - {parse date="$topics['start_date']" format="LONG"}'><if test="topRateTopicTruncate:|:$truncate">{IPSText::truncate($topics['title'], $truncate)}<else />{$topics['title']}</if></a> - {parse date="$topics['start_date']" format="LONG"} - {parse template="userHoverCard" group="global" params="$topics['member']"}</td>
            			<td align='right'>{parse template="topic_rating_image" group="forum" params="$topics['rating']"}</td>
	            	</tr>
</if>
        	</foreach>
</table>
</div></div>
<br/>
</if>
<if test="hasTopPosters:|:is_array($topPosters) && count($topPosters)">
<div class='maintitle'>{$this->lang->words['top_10_posters']}</div>
<div class='ipsBox ipsPad_half'>
<div class='ipsBox_container ipsReset'>
<table class='ipb_table'>
		<foreach loop="topPosters:$topPosters as $members">
<if test="hasPosts:|:$members['posts']">
			<tr>
<td class='col_c_icon'>{parse template="userSmallPhoto" group="global" params="$members"}</td>
<td>{parse template="userHoverCard" group="global" params="$members"} - {$this->lang->words['last_active']} {parse date="$members['last_activity']" format="LONG"}</td>
            			<td align='right'>{parse format_number="$members['posts']"} {$this->lang->words['stat_posts']}</td>
	            	</tr>
</if>
        	</foreach>
</table>
</div>
</div>
<br/>
</if>]]></template_content>
      <template_name>realStatsApp_forums</template_name>
      <template_data>$forumsReply=array(), $forumsTopic=array(), $topicsReply=array(), $topicsView=array(), $topicsRating=array(), $topPosters=array(), $truncate</template_data>
      <template_updated>1345024112</template_updated>
      <template_removable>0</template_removable>
      <template_user_added>0</template_user_added>
      <template_user_edited>0</template_user_edited>
      <template_master_key>root</template_master_key>
    </template>
    <template>
      <template_group>skin_realstats_global</template_group>
      <template_content><![CDATA[{parse js_module="realstats"}
<if test="makeAppTitleStuff:|:$apptitle = IPSLib::getAppTitle('realstats')"></if>
<script type='text/javascript'>
ipb.lang["realstats_tab_default"] = "{$this->lang->words['realstats_tab_default']}";
ipb.lang["realstats_title"] = "{$apptitle}";
ipb.lang["realstats_title_prefix"] = "{$apptitle}: ";
ipb.lang["realstats_board_name"] = "{$this->settings['board_name']}";
ipb.lang["realstats_nav_sep"] = "<span class='nav_sep'>{parse replacement="f_nav_sep"}</span>";
ipb.lang["realstats_title_sep"] = " - ";
<foreach loop="tabsTitlesJs:$tabs as $tab => $lang">
<if test="makeTabTitleLangJsStuff:|:$this->lang->words['realstats_tab_title_'.$tab]">
ipb.lang["realstats_tab_title_{$tab}"] = "{$this->lang->words['realstats_tab_title_'.$tab]}";
</if>
</foreach>
</script>
<if test="weGotCustomTitle:|:$customTitle = $this->request['stats_app']?$this->lang->words['realstats_tab_title_'.$this->request['stats_app']]:$this->lang->words['realstats_tab_title_'.$default_tab]"></if>
<h1 class='ipsType_pagetitle' id='realstatstitle'>
<if test="weDoGotCustomTitle:|:$customTitle">
{$customTitle}
<else />
{$apptitle}: 			
<if test="makeTitleStuff:|:$_app = ($this->lang->words['realstats_tab_'.$this->request['stats_app']]?$this->lang->words['realstats_tab_'.$this->request['stats_app']]:($this->lang->words['realstats_tab_'.$default_tab]?$this->lang->words['realstats_tab_'.$default_tab]:($this->request['stats_app']?IPSLib::getAppTitle($this->request['stats_app']):IPSLib::getAppTitle($default_tab))))"></if>
{$_app}
</if>
</h1>
<div class='ipsBox clear'>
	<div class='ipsVerticalTabbed ipsLayout ipsLayout_withleft ipsLayout_smallleft clearfix' id='realstats'>
		<div class='ipsVerticalTabbed_tabs ipsLayout_left' id='realstats_tabs'>
<ul class='clear'>
				<li id='tab_link_default' class='tab_toggle_stats <if test="isLanding:|:$default_tab=='default' && !$this->request['stats_app']">active</if>' data-tabid='default'><a href='{parse url="app=realstats" base="public" seotitle="{IPSText::makeSeoTitle(IPSLib::getAppTitle('realstats'))}" template="app=realstats"}' title='{parse expression="sprintf($this->lang->words['go_to_prefix'], $this->lang->words['realstats_tab_default'])"}'>{$this->lang->words['realstats_tab_default']}</a></li>
				<foreach loop="tabs:$tabs as $tab => $lang">
<if test="makeTabLangStuff:|:$_lang = $this->lang->words['realstats_tab_'.$tab]?$this->lang->words['realstats_tab_'.$tab]:$lang"></if>
					<li id='tab_link_{$tab}' class='<if test="tabactive:|:$tab == $default_tab || $this->request['stats_app'] == $tab">active</if> tab_toggle_stats' data-tabid='{$tab}'><a href='{parse url="app=realstats&amp;stats_app={$tab}" seotitle="{$tab}" template="realstats_app" base="public"}' title='{parse expression="sprintf($this->lang->words['go_to_prefix'], $_lang)"}'>{$_lang}</a></li>
<script type='text/javascript'>
ipb.lang["realstats_tab_{$tab}"] = "{$_lang}";
</script>
				</foreach>
			</ul>
		</div>
<div class='ipsVerticalTabbed_content ipsLayout_content ipsBox_container' id='realstats_content'>
<div id='pane_{$default_tab}' class='ipsPad_half'>
{$default_tab_content}
</div>
</div>
</div>
</div>
<script type='text/javascript'>
ipb.realstats.init();
</script>]]></template_content>
      <template_name>realStatsWrapper</template_name>
      <template_data><![CDATA[$tabs, $default_tab='default', $default_tab_content='']]></template_data>
      <template_updated>1345024112</template_updated>
      <template_removable>0</template_removable>
      <template_user_added>0</template_user_added>
      <template_user_edited>0</template_user_edited>
      <template_master_key>root</template_master_key>
    </template>
  </templategroup>
</templates>
