<?xml version="1.0" encoding="utf-8"?>
<templates application="realstats" templategroups="a:1:{s:15:&quot;skin_realstats_&quot;;s:8:&quot;contains&quot;;}">
  <templategroup group="skin_realstats_global">
    <template>
      <template_group>skin_realstats_global</template_group>
      <template_content><![CDATA[<!--no data in this master skin-->]]></template_content>
      <template_name>currentlyViewing</template_name>
      <template_data>$activeUsers=array()</template_data>
      <template_updated>1345024114</template_updated>
      <template_removable>0</template_removable>
      <template_user_added>0</template_user_added>
      <template_user_edited>0</template_user_edited>
      <template_master_key>xmlskin</template_master_key>
    </template>
    <template>
      <template_group>skin_realstats_global</template_group>
      <template_content><![CDATA[<!--no data in this master skin-->]]></template_content>
      <template_name>mobileAppLink</template_name>
      <template_data/>
      <template_updated>1345024114</template_updated>
      <template_removable>0</template_removable>
      <template_user_added>0</template_user_added>
      <template_user_edited>0</template_user_edited>
      <template_master_key>xmlskin</template_master_key>
    </template>
    <template>
      <template_group>skin_realstats_global</template_group>
      <template_content><![CDATA[<!--no data in this master skin-->]]></template_content>
      <template_name>realStatsApp_blog</template_name>
      <template_data>$topBlogsbyViews=array(), $topBlogsbyReply=array(), $topBlogsbyRate=array(), $topEntriesbyViews=array(), $topEntriesbyReply=array(), $topEntriesbyRate=array(), $topBloggers=array(), $truncate</template_data>
      <template_updated>1345024114</template_updated>
      <template_removable>0</template_removable>
      <template_user_added>0</template_user_added>
      <template_user_edited>0</template_user_edited>
      <template_master_key>xmlskin</template_master_key>
    </template>
    <template>
      <template_group>skin_realstats_global</template_group>
      <template_content><![CDATA[<!--no data in this master skin-->]]></template_content>
      <template_name>realStatsApp_ccs</template_name>
      <template_data>$databasesByRecord=array(), $categoriesByRecord=array(), $recordsByView=array(), $recordsByReply=array(), $recordsByRate=array(), $topSubmitters=array()</template_data>
      <template_updated>1345024114</template_updated>
      <template_removable>0</template_removable>
      <template_user_added>0</template_user_added>
      <template_user_edited>0</template_user_edited>
      <template_master_key>xmlskin</template_master_key>
    </template>
    <template>
      <template_group>skin_realstats_global</template_group>
      <template_content><![CDATA[<!--no data in this master skin-->]]></template_content>
      <template_name>realStatsApp_core</template_name>
      <template_data>$stats</template_data>
      <template_updated>1345024114</template_updated>
      <template_removable>0</template_removable>
      <template_user_added>0</template_user_added>
      <template_user_edited>0</template_user_edited>
      <template_master_key>xmlskin</template_master_key>
    </template>
    <template>
      <template_group>skin_realstats_global</template_group>
      <template_content><![CDATA[<!--no data in this master skin-->]]></template_content>
      <template_name>realStatsApp_downloads</template_name>
      <template_data>$categoriesFiles=array(), $categoriesViews=array(), $categoriesDownloads=array(), $filesView=array(), $filesDownloads=array(), $filesRating=array(), $topAuthors=array(), $truncate</template_data>
      <template_updated>1345024114</template_updated>
      <template_removable>0</template_removable>
      <template_user_added>0</template_user_added>
      <template_user_edited>0</template_user_edited>
      <template_master_key>xmlskin</template_master_key>
    </template>
    <template>
      <template_group>skin_realstats_global</template_group>
      <template_content><![CDATA[<!--no data in this master skin-->]]></template_content>
      <template_name>realStatsApp_forums</template_name>
      <template_data>$forumsReply=array(), $forumsTopic=array(), $topicsReply=array(), $topicsView=array()</template_data>
      <template_updated>1345024114</template_updated>
      <template_removable>0</template_removable>
      <template_user_added>0</template_user_added>
      <template_user_edited>0</template_user_edited>
      <template_master_key>xmlskin</template_master_key>
    </template>
    <template>
      <template_group>skin_realstats_global</template_group>
      <template_content><![CDATA[<!--no data in this master skin-->]]></template_content>
      <template_name>realStatsWrapper</template_name>
      <template_data><![CDATA[$tabs, $default_tab='default', $default_tab_content='']]></template_data>
      <template_updated>1345024114</template_updated>
      <template_removable>0</template_removable>
      <template_user_added>0</template_user_added>
      <template_user_edited>0</template_user_edited>
      <template_master_key>xmlskin</template_master_key>
    </template>
  </templategroup>
</templates>
