<?xml version="1.0" encoding="utf-8"?>
<moduleexport>
  <modulegroup>
    <module>
      <sys_module_title>Statistics Display</sys_module_title>
      <sys_module_application>realstats</sys_module_application>
      <sys_module_key>display</sys_module_key>
      <sys_module_description>Displays Statistics</sys_module_description>
      <sys_module_version>1.0.5</sys_module_version>
      <sys_module_protected>1</sys_module_protected>
      <sys_module_visible>1</sys_module_visible>
      <sys_module_position>44</sys_module_position>
      <sys_module_admin>0</sys_module_admin>
    </module>
    <module>
      <sys_module_title>Settings</sys_module_title>
      <sys_module_application>realstats</sys_module_application>
      <sys_module_key>settings</sys_module_key>
      <sys_module_description>Controls Statistics Function</sys_module_description>
      <sys_module_version>1.0.5</sys_module_version>
      <sys_module_protected>1</sys_module_protected>
      <sys_module_visible>1</sys_module_visible>
      <sys_module_position>45</sys_module_position>
      <sys_module_admin>1</sys_module_admin>
    </module>
  </modulegroup>
</moduleexport>
