<?xml version="1.0" encoding="UTF-8"?>
<versions>
 <version>
                <human>1.0.6</human>
                <long>10007</long>
        </version>
 <version>
                <human>1.0.5.1</human>
                <long>10006</long>
        </version>
 <version>
                <human>1.0.5</human>
                <long>10005</long>
        </version>
 <version>
                <human>1.0.4</human>
                <long>10004</long>
        </version>
 <version>
                <human>1.0.3</human>
                <long>10003</long>
        </version>
 <version>
                <human>1.0.2</human>
                <long>10002</long>
        </version>
 <version>
                <human>1.0.1</human>
                <long>10001</long>
        </version>
        <version>
                <human>1.0.0</human>
                <long>10000</long>
        </version>
</versions>
