<?xml version="1.0" encoding="utf-8"?>
<languageexport>
  <languagegroup>
    <lang>
      <word_app>masspm</word_app>
      <word_pack>admin_masspm</word_pack>
      <word_key>adminLogSuccessDelete</word_key>
      <word_default>Successfully deleted Mass PM with ID = </word_default>
    </lang>
    <lang>
      <word_app>masspm</word_app>
      <word_pack>admin_masspm</word_pack>
      <word_key>adminSuccessDelete</word_key>
      <word_default>Successfully deleted Mass PM with ID = </word_default>
    </lang>
    <lang>
      <word_app>masspm</word_app>
      <word_pack>admin_masspm</word_pack>
      <word_key>adminSuccessDeleteAll</word_key>
      <word_default>Removed all Mass PMs</word_default>
    </lang>
    <lang>
      <word_app>masspm</word_app>
      <word_pack>admin_masspm</word_pack>
      <word_key>addingNewMass</word_key>
      <word_default>Adding New Mass PM</word_default>
    </lang>
    <lang>
      <word_app>masspm</word_app>
      <word_pack>admin_masspm</word_pack>
      <word_key>addNewAndRun</word_key>
      <word_default><![CDATA[Add Mass PM and Continue >>]]></word_default>
    </lang>
    <lang>
      <word_app>masspm</word_app>
      <word_pack>admin_masspm</word_pack>
      <word_key>creatingNewMass</word_key>
      <word_default>Creating New Mass PM</word_default>
    </lang>
    <lang>
      <word_app>masspm</word_app>
      <word_pack>admin_masspm</word_pack>
      <word_key>editingMass</word_key>
      <word_default>Editing Mass PM</word_default>
    </lang>
    <lang>
      <word_app>masspm</word_app>
      <word_pack>admin_masspm</word_pack>
      <word_key>editMassAndRun</word_key>
      <word_default><![CDATA[Edit Mass PM and Continue >>]]></word_default>
    </lang>
    <lang>
      <word_app>masspm</word_app>
      <word_pack>admin_masspm</word_pack>
      <word_key>NoMasss</word_key>
      <word_default>There is no message to edit. Please try again.</word_default>
    </lang>
    <lang>
      <word_app>masspm</word_app>
      <word_pack>admin_masspm</word_pack>
      <word_key>adminSuccessAdd</word_key>
      <word_default>Added New Mass PM</word_default>
    </lang>
    <lang>
      <word_app>masspm</word_app>
      <word_pack>admin_masspm</word_pack>
      <word_key>adminSuccessEdit</word_key>
      <word_default>Edited Mass PM</word_default>
    </lang>
    <lang>
      <word_app>masspm</word_app>
      <word_pack>admin_masspm</word_pack>
      <word_key>moreThan</word_key>
      <word_default>More Than</word_default>
    </lang>
    <lang>
      <word_app>masspm</word_app>
      <word_pack>admin_masspm</word_pack>
      <word_key>lessThan</word_key>
      <word_default>Less Than</word_default>
    </lang>
    <lang>
      <word_app>masspm</word_app>
      <word_pack>admin_masspm</word_pack>
      <word_key>beforeThan</word_key>
      <word_default>Before Than</word_default>
    </lang>
    <lang>
      <word_app>masspm</word_app>
      <word_pack>admin_masspm</word_pack>
      <word_key>afterThan</word_key>
      <word_default>After Than</word_default>
    </lang>
    <lang>
      <word_app>masspm</word_app>
      <word_pack>admin_masspm</word_pack>
      <word_key>hours</word_key>
      <word_default>Hours</word_default>
    </lang>
    <lang>
      <word_app>masspm</word_app>
      <word_pack>admin_masspm</word_pack>
      <word_key>days</word_key>
      <word_default>Days</word_default>
    </lang>
    <lang>
      <word_app>masspm</word_app>
      <word_pack>admin_masspm</word_pack>
      <word_key>months</word_key>
      <word_default>Months</word_default>
    </lang>
    <lang>
      <word_app>masspm</word_app>
      <word_pack>admin_masspm</word_pack>
      <word_key>years</word_key>
      <word_default>Years</word_default>
    </lang>
    <lang>
      <word_app>masspm</word_app>
      <word_pack>admin_masspm</word_pack>
      <word_key>successSent</word_key>
      <word_default>Successfully send Mass PM!</word_default>
    </lang>
    <lang>
      <word_app>masspm</word_app>
      <word_pack>admin_masspm</word_pack>
      <word_key>sendingProcess</word_key>
      <word_default><![CDATA[Sent to <% FROM %> from total <% TOTAL %> members]]></word_default>
    </lang>
    <lang>
      <word_app>masspm</word_app>
      <word_pack>admin_masspm</word_pack>
      <word_key>overview</word_key>
      <word_default>Overview</word_default>
    </lang>
    <lang>
      <word_app>masspm</word_app>
      <word_pack>admin_masspm</word_pack>
      <word_key>removeAll</word_key>
      <word_default>Remove All</word_default>
    </lang>
    <lang>
      <word_app>masspm</word_app>
      <word_pack>admin_masspm</word_pack>
      <word_key>addNew</word_key>
      <word_default>Add New Mass PM</word_default>
    </lang>
    <lang>
      <word_app>masspm</word_app>
      <word_pack>admin_masspm</word_pack>
      <word_key>id</word_key>
      <word_default>ID</word_default>
    </lang>
    <lang>
      <word_app>masspm</word_app>
      <word_pack>admin_masspm</word_pack>
      <word_key>pageName</word_key>
      <word_default>Title</word_default>
    </lang>
    <lang>
      <word_app>masspm</word_app>
      <word_pack>admin_masspm</word_pack>
      <word_key>dateAdded</word_key>
      <word_default>Date Added</word_default>
    </lang>
    <lang>
      <word_app>masspm</word_app>
      <word_pack>admin_masspm</word_pack>
      <word_key>dateUpdated</word_key>
      <word_default>Date Updated</word_default>
    </lang>
    <lang>
      <word_app>masspm</word_app>
      <word_pack>admin_masspm</word_pack>
      <word_key>isSent</word_key>
      <word_default>Sent?</word_default>
    </lang>
    <lang>
      <word_app>masspm</word_app>
      <word_pack>admin_masspm</word_pack>
      <word_key>options</word_key>
      <word_default>Options</word_default>
    </lang>
    <lang>
      <word_app>masspm</word_app>
      <word_pack>admin_masspm</word_pack>
      <word_key>sendAgain</word_key>
      <word_default>Send Again</word_default>
    </lang>
    <lang>
      <word_app>masspm</word_app>
      <word_pack>admin_masspm</word_pack>
      <word_key>edit</word_key>
      <word_default>Edit</word_default>
    </lang>
    <lang>
      <word_app>masspm</word_app>
      <word_pack>admin_masspm</word_pack>
      <word_key>remove</word_key>
      <word_default>Remove</word_default>
    </lang>
    <lang>
      <word_app>masspm</word_app>
      <word_pack>admin_masspm</word_pack>
      <word_key>noItems1</word_key>
      <word_default>There is no Mass PMs.</word_default>
    </lang>
    <lang>
      <word_app>masspm</word_app>
      <word_pack>admin_masspm</word_pack>
      <word_key>settings</word_key>
      <word_default>Main Settings</word_default>
    </lang>
    <lang>
      <word_app>masspm</word_app>
      <word_pack>admin_masspm</word_pack>
      <word_key>msgTitle</word_key>
      <word_default>Title</word_default>
    </lang>
    <lang>
      <word_app>masspm</word_app>
      <word_pack>admin_masspm</word_pack>
      <word_key>msgTitleDesc</word_key>
      <word_default>This will be also PM title.</word_default>
    </lang>
    <lang>
      <word_app>masspm</word_app>
      <word_pack>admin_masspm</word_pack>
      <word_key>msgSender</word_key>
      <word_default>PM from</word_default>
    </lang>
    <lang>
      <word_app>masspm</word_app>
      <word_pack>admin_masspm</word_pack>
      <word_key>msgSenderDesc</word_key>
      <word_default>Choose PM author.</word_default>
    </lang>
    <lang>
      <word_app>masspm</word_app>
      <word_pack>admin_masspm</word_pack>
      <word_key>moreSettings</word_key>
      <word_default>More Settings</word_default>
    </lang>
    <lang>
      <word_app>masspm</word_app>
      <word_pack>admin_masspm</word_pack>
      <word_key>groups</word_key>
      <word_default>Groups</word_default>
    </lang>
    <lang>
      <word_app>masspm</word_app>
      <word_pack>admin_masspm</word_pack>
      <word_key>groupsDesc</word_key>
      <word_default>Choose to which groups you want send this message.</word_default>
    </lang>
    <lang>
      <word_app>masspm</word_app>
      <word_pack>admin_masspm</word_pack>
      <word_key>groupsSecondary</word_key>
      <word_default>Secondary Groups</word_default>
    </lang>
    <lang>
      <word_app>masspm</word_app>
      <word_pack>admin_masspm</word_pack>
      <word_key>groupsSecondaryDesc</word_key>
      <word_default>Check also secondary groups?</word_default>
    </lang>
    <lang>
      <word_app>masspm</word_app>
      <word_pack>admin_masspm</word_pack>
      <word_key>allowReply</word_key>
      <word_default>Allow to reply</word_default>
    </lang>
    <lang>
      <word_app>masspm</word_app>
      <word_pack>admin_masspm</word_pack>
      <word_key>allowReplyDesc</word_key>
      <word_default><![CDATA[If not then user won't be reply to this message]]></word_default>
    </lang>
    <lang>
      <word_app>masspm</word_app>
      <word_pack>admin_masspm</word_pack>
      <word_key>filters</word_key>
      <word_default>Filters</word_default>
    </lang>
    <lang>
      <word_app>masspm</word_app>
      <word_pack>admin_masspm</word_pack>
      <word_key>leave</word_key>
      <word_default>Leave blank to not filter.</word_default>
    </lang>
    <lang>
      <word_app>masspm</word_app>
      <word_pack>admin_masspm</word_pack>
      <word_key>posts</word_key>
      <word_default>Posts</word_default>
    </lang>
    <lang>
      <word_app>masspm</word_app>
      <word_pack>admin_masspm</word_pack>
      <word_key>postsDesc</word_key>
      <word_default>Send message to members with specific count of posts.</word_default>
    </lang>
    <lang>
      <word_app>masspm</word_app>
      <word_pack>admin_masspm</word_pack>
      <word_key>rejestration</word_key>
      <word_default>Registration</word_default>
    </lang>
    <lang>
      <word_app>masspm</word_app>
      <word_pack>admin_masspm</word_pack>
      <word_key>joined</word_key>
      <word_default>Joined</word_default>
    </lang>
    <lang>
      <word_app>masspm</word_app>
      <word_pack>admin_masspm</word_pack>
      <word_key>ago</word_key>
      <word_default>ago</word_default>
    </lang>
    <lang>
      <word_app>masspm</word_app>
      <word_pack>admin_masspm</word_pack>
      <word_key>wrote</word_key>
      <word_default>Wrote</word_default>
    </lang>
    <lang>
      <word_app>masspm</word_app>
      <word_pack>admin_masspm</word_pack>
      <word_key>wrotePosts</word_key>
      <word_default>posts</word_default>
    </lang>
    <lang>
      <word_app>masspm</word_app>
      <word_pack>admin_masspm</word_pack>
      <word_key>rejestrationDesc</word_key>
      <word_default>Send message to members which join in specific period of time.</word_default>
    </lang>
    <lang>
      <word_app>masspm</word_app>
      <word_pack>admin_masspm</word_pack>
      <word_key>lastVisit</word_key>
      <word_default>Last Visit</word_default>
    </lang>
    <lang>
      <word_app>masspm</word_app>
      <word_pack>admin_masspm</word_pack>
      <word_key>lastVisitDesc</word_key>
      <word_default>Send message to members which was on board in specific period of time.</word_default>
    </lang>
    <lang>
      <word_app>masspm</word_app>
      <word_pack>admin_masspm</word_pack>
      <word_key>bodySettings</word_key>
      <word_default>Message Body</word_default>
    </lang>
    <lang>
      <word_app>masspm</word_app>
      <word_pack>admin_masspm</word_pack>
      <word_key>lastLogin1</word_key>
      <word_default>Last Login</word_default>
    </lang>
    <lang>
      <word_app>masspm</word_app>
      <word_pack>admin_masspm</word_pack>
      <word_key>lastLogin2</word_key>
      <word_default>ago</word_default>
    </lang>
    <lang>
      <word_app>masspm</word_app>
      <word_pack>admin_masspm</word_pack>
      <word_key>bbcode</word_key>
      <word_default>BBCode</word_default>
    </lang>
    <lang>
      <word_app>masspm</word_app>
      <word_pack>admin_masspm</word_pack>
      <word_key>html</word_key>
      <word_default>HTML</word_default>
    </lang>
    <lang>
      <word_app>masspm</word_app>
      <word_pack>admin_masspm</word_pack>
      <word_key>sendingConfirmation</word_key>
      <word_default>Confirm Sending</word_default>
    </lang>
    <lang>
      <word_app>masspm</word_app>
      <word_pack>admin_masspm</word_pack>
      <word_key>checkingMsg</word_key>
      <word_default>Checking Mass PM</word_default>
    </lang>
    <lang>
      <word_app>masspm</word_app>
      <word_pack>admin_masspm</word_pack>
      <word_key>info</word_key>
      <word_default>Informations</word_default>
    </lang>
    <lang>
      <word_app>masspm</word_app>
      <word_pack>admin_masspm</word_pack>
      <word_key>perSession</word_key>
      <word_default>Set count of messages per session:</word_default>
    </lang>
    <lang>
      <word_app>masspm</word_app>
      <word_pack>admin_masspm</word_pack>
      <word_key>checkingDesc</word_key>
      <word_default><![CDATA[This message will be send to %s members. <br />Remember to set under 50 messages per session.]]></word_default>
    </lang>
    <lang>
      <word_app>masspm</word_app>
      <word_pack>admin_masspm</word_pack>
      <word_key>startSending</word_key>
      <word_default><![CDATA[Start Sending >>>]]></word_default>
    </lang>
    <lang>
      <word_app>masspm</word_app>
      <word_pack>admin_masspm</word_pack>
      <word_key>errorNoId</word_key>
      <word_default>Wrong ID. Please try again.</word_default>
    </lang>
    <lang>
      <word_app>masspm</word_app>
      <word_pack>admin_masspm</word_pack>
      <word_key>errorNoPage</word_key>
      <word_default>There is no messages with this ID</word_default>
    </lang>
    <lang>
      <word_app>masspm</word_app>
      <word_pack>admin_masspm</word_pack>
      <word_key>errorNoTitle</word_key>
      <word_default>You did not enter title</word_default>
    </lang>
    <lang>
      <word_app>masspm</word_app>
      <word_pack>admin_masspm</word_pack>
      <word_key>errorNoTxt</word_key>
      <word_default>You did not enter body of message</word_default>
    </lang>
    <lang>
      <word_app>masspm</word_app>
      <word_pack>admin_masspm</word_pack>
      <word_key>errorNoSender</word_key>
      <word_default>You did not enter author of Mass PM</word_default>
    </lang>
    <lang>
      <word_app>masspm</word_app>
      <word_pack>admin_masspm</word_pack>
      <word_key>errorSenderNoExist</word_key>
      <word_default>Sender not exist</word_default>
    </lang>
    <lang>
      <word_app>masspm</word_app>
      <word_pack>admin_masspm</word_pack>
      <word_key>errorNoGroups</word_key>
      <word_default>You did not choose any group</word_default>
    </lang>
    <lang>
      <word_app>masspm</word_app>
      <word_pack>admin_masspm</word_pack>
      <word_key>errorNoUsers</word_key>
      <word_default>There is no members, please change filters</word_default>
    </lang>
    <lang>
      <word_app>masspm</word_app>
      <word_pack>admin_masspm</word_pack>
      <word_key>remove_all_sure</word_key>
      <word_default>Are you sure you want to remove all items?</word_default>
    </lang>
    <lang>
      <word_app>masspm</word_app>
      <word_pack>admin_masspm</word_pack>
      <word_key>add_new_question</word_key>
      <word_default>Add new?</word_default>
    </lang>
    <lang>
      <word_app>masspm</word_app>
      <word_pack>admin_menulang</word_pack>
      <word_key>menu__settings</word_key>
      <word_default>Manage Settings</word_default>
    </lang>
    <lang>
      <word_app>masspm</word_app>
      <word_pack>admin_menulang</word_pack>
      <word_key>menu__show_all_messages</word_key>
      <word_default>Show All Messages</word_default>
    </lang>
    <lang>
      <word_app>masspm</word_app>
      <word_pack>admin_menulang</word_pack>
      <word_key>menu__send_new_pm</word_key>
      <word_default>Send New Mass PM</word_default>
    </lang>
  </languagegroup>
</languageexport>
