<?xml version="1.0" encoding="utf-8"?>
<moduleexport>
  <modulegroup>
    <module>
      <sys_module_title>Manage Mass PMs</sys_module_title>
      <sys_module_application>masspm</sys_module_application>
      <sys_module_key>core</sys_module_key>
      <sys_module_description>Core of application</sys_module_description>
      <sys_module_version>1.0.2</sys_module_version>
      <sys_module_parent/>
      <sys_module_protected>1</sys_module_protected>
      <sys_module_tables/>
      <sys_module_hooks/>
      <sys_module_visible>1</sys_module_visible>
      <sys_module_position>1</sys_module_position>
      <sys_module_admin>1</sys_module_admin>
    </module>
    <module>
      <sys_module_title>Settings</sys_module_title>
      <sys_module_application>masspm</sys_module_application>
      <sys_module_key>settings</sys_module_key>
      <sys_module_description>Settings for Mass PM</sys_module_description>
      <sys_module_version>1.0.0</sys_module_version>
      <sys_module_parent/>
      <sys_module_protected>1</sys_module_protected>
      <sys_module_tables/>
      <sys_module_hooks/>
      <sys_module_visible>1</sys_module_visible>
      <sys_module_position>2</sys_module_position>
      <sys_module_admin>1</sys_module_admin>
    </module>
  </modulegroup>
</moduleexport>
