<?xml version="1.0" encoding="utf-8"?>
<languageexport>
  <languagegroup>
    <lang>
      <word_app>loginas</word_app>
      <word_pack>admin_bans</word_pack>
      <word_key>all_bans_removed_message</word_key>
      <word_default>All bans successfully removed</word_default>
    </lang>
    <lang>
      <word_app>loginas</word_app>
      <word_pack>admin_bans</word_pack>
      <word_key>all_bans_removed</word_key>
      <word_default>All bans removed by %s</word_default>
    </lang>
    <lang>
      <word_app>loginas</word_app>
      <word_pack>admin_bans</word_pack>
      <word_key>invalid_member</word_key>
      <word_default>Member not found</word_default>
    </lang>
    <lang>
      <word_app>loginas</word_app>
      <word_pack>admin_bans</word_pack>
      <word_key>cannot_ban_self</word_key>
      <word_default><![CDATA[You wouldn't want to ban yourself, would you?]]></word_default>
    </lang>
    <lang>
      <word_app>loginas</word_app>
      <word_pack>admin_bans</word_pack>
      <word_key>cannot_unban_self</word_key>
      <word_default>You cannot unban yourself from the system</word_default>
    </lang>
    <lang>
      <word_app>loginas</word_app>
      <word_pack>admin_bans</word_pack>
      <word_key>already_banned</word_key>
      <word_default>This member is already banned</word_default>
    </lang>
    <lang>
      <word_app>loginas</word_app>
      <word_pack>admin_bans</word_pack>
      <word_key>not_banned</word_key>
      <word_default>This member was not banned</word_default>
    </lang>
    <lang>
      <word_app>loginas</word_app>
      <word_pack>admin_bans</word_pack>
      <word_key>cannot_ban_admin</word_key>
      <word_default>You cannot ban other administrators</word_default>
    </lang>
    <lang>
      <word_app>loginas</word_app>
      <word_pack>admin_bans</word_pack>
      <word_key>cannot_unban_admin</word_key>
      <word_default>You cannot unban other administrators</word_default>
    </lang>
    <lang>
      <word_app>loginas</word_app>
      <word_pack>admin_bans</word_pack>
      <word_key>user_banned</word_key>
      <word_default>%s was banned by %s</word_default>
    </lang>
    <lang>
      <word_app>loginas</word_app>
      <word_pack>admin_bans</word_pack>
      <word_key>user_banned_message</word_key>
      <word_default>Member was successfully banned</word_default>
    </lang>
    <lang>
      <word_app>loginas</word_app>
      <word_pack>admin_bans</word_pack>
      <word_key>user_unbanned</word_key>
      <word_default>%s was unbanned by %s</word_default>
    </lang>
    <lang>
      <word_app>loginas</word_app>
      <word_pack>admin_bans</word_pack>
      <word_key>user_unbanned_message</word_key>
      <word_default>Member was successfully unbanned</word_default>
    </lang>
    <lang>
      <word_app>loginas</word_app>
      <word_pack>admin_bans</word_pack>
      <word_key>banned_users</word_key>
      <word_default>Banned Users</word_default>
    </lang>
    <lang>
      <word_app>loginas</word_app>
      <word_pack>admin_bans</word_pack>
      <word_key>banned_users_list</word_key>
      <word_default>Banned users list</word_default>
    </lang>
    <lang>
      <word_app>loginas</word_app>
      <word_pack>admin_bans</word_pack>
      <word_key>remove_ban</word_key>
      <word_default>Remove ban</word_default>
    </lang>
    <lang>
      <word_app>loginas</word_app>
      <word_pack>admin_bans</word_pack>
      <word_key>no_bans</word_key>
      <word_default>There are no banned members</word_default>
    </lang>
    <lang>
      <word_app>loginas</word_app>
      <word_pack>admin_bans</word_pack>
      <word_key>remove_all_button</word_key>
      <word_default>Remove all bans</word_default>
    </lang>
    <lang>
      <word_app>loginas</word_app>
      <word_pack>admin_bans</word_pack>
      <word_key>ban_member</word_key>
      <word_default>Ban member</word_default>
    </lang>
    <lang>
      <word_app>loginas</word_app>
      <word_pack>admin_login</word_pack>
      <word_key>log_into_account</word_key>
      <word_default>Log into an account</word_default>
    </lang>
    <lang>
      <word_app>loginas</word_app>
      <word_pack>admin_login</word_pack>
      <word_key>warning</word_key>
      <word_default>NOTE: You MUST make sure you are first logged into the front-end as a user with permission to use the system</word_default>
    </lang>
    <lang>
      <word_app>loginas</word_app>
      <word_pack>admin_login</word_pack>
      <word_key>display_name</word_key>
      <word_default><![CDATA[Member's display name]]></word_default>
    </lang>
    <lang>
      <word_app>loginas</word_app>
      <word_pack>admin_login</word_pack>
      <word_key>log_in</word_key>
      <word_default>Log in</word_default>
    </lang>
    <lang>
      <word_app>loginas</word_app>
      <word_pack>admin_login</word_pack>
      <word_key>no_updates</word_key>
      <word_default>You are running v%s, the most recent version. Updates will show here when available</word_default>
    </lang>
    <lang>
      <word_app>loginas</word_app>
      <word_pack>admin_login</word_pack>
      <word_key>error</word_key>
      <word_default>Error</word_default>
    </lang>
    <lang>
      <word_app>loginas</word_app>
      <word_pack>admin_login</word_pack>
      <word_key>updates</word_key>
      <word_default>Updates</word_default>
    </lang>
    <lang>
      <word_app>loginas</word_app>
      <word_pack>admin_login</word_pack>
      <word_key>installed_version</word_key>
      <word_default>Installed version</word_default>
    </lang>
    <lang>
      <word_app>loginas</word_app>
      <word_pack>admin_login</word_pack>
      <word_key>latest_version</word_key>
      <word_default>Latest version</word_default>
    </lang>
    <lang>
      <word_app>loginas</word_app>
      <word_pack>admin_login</word_pack>
      <word_key>release_date</word_key>
      <word_default>Release date</word_default>
    </lang>
    <lang>
      <word_app>loginas</word_app>
      <word_pack>admin_login</word_pack>
      <word_key>download</word_key>
      <word_default>Download</word_default>
    </lang>
    <lang>
      <word_app>loginas</word_app>
      <word_pack>admin_login</word_pack>
      <word_key>download_update</word_key>
      <word_default>Go to download page</word_default>
    </lang>
    <lang>
      <word_app>loginas</word_app>
      <word_pack>admin_login</word_pack>
      <word_key>information</word_key>
      <word_default>Additional information</word_default>
    </lang>
    <lang>
      <word_app>loginas</word_app>
      <word_pack>admin_login</word_pack>
      <word_key>cannot_get</word_key>
      <word_default>Unable to obtain update information</word_default>
    </lang>
    <lang>
      <word_app>loginas</word_app>
      <word_pack>admin_login</word_pack>
      <word_key>comm_error</word_key>
      <word_default><![CDATA[Unable to obtain update data.<br />The server may be temporarily unavailable or undergoing maintenence]]></word_default>
    </lang>
    <lang>
      <word_app>loginas</word_app>
      <word_pack>admin_login</word_pack>
      <word_key>manual_login</word_key>
      <word_default>Manual Login</word_default>
    </lang>
    <lang>
      <word_app>loginas</word_app>
      <word_pack>admin_logs</word_pack>
      <word_key>anonymous</word_key>
      <word_default>Anonymous?</word_default>
    </lang>
    <lang>
      <word_app>loginas</word_app>
      <word_pack>admin_logs</word_pack>
      <word_key>member_form_logs</word_key>
      <word_default>View Log In As Logs</word_default>
    </lang>
    <lang>
      <word_app>loginas</word_app>
      <word_pack>admin_logs</word_pack>
      <word_key>logs</word_key>
      <word_default>Logs</word_default>
    </lang>
    <lang>
      <word_app>loginas</word_app>
      <word_pack>admin_logs</word_pack>
      <word_key>time</word_key>
      <word_default>Time</word_default>
    </lang>
    <lang>
      <word_app>loginas</word_app>
      <word_pack>admin_logs</word_pack>
      <word_key>action</word_key>
      <word_default>Action</word_default>
    </lang>
    <lang>
      <word_app>loginas</word_app>
      <word_pack>admin_logs</word_pack>
      <word_key>logged_into</word_key>
      <word_default>logged in as</word_default>
    </lang>
    <lang>
      <word_app>loginas</word_app>
      <word_pack>admin_logs</word_pack>
      <word_key>logged_out_of</word_key>
      <word_default>logged out of</word_default>
    </lang>
    <lang>
      <word_app>loginas</word_app>
      <word_pack>admin_logs</word_pack>
      <word_key>not_available</word_key>
      <word_default>Not Available</word_default>
    </lang>
    <lang>
      <word_app>loginas</word_app>
      <word_pack>admin_logs</word_pack>
      <word_key>check_all</word_key>
      <word_default>Check all boxes</word_default>
    </lang>
    <lang>
      <word_app>loginas</word_app>
      <word_pack>admin_logs</word_pack>
      <word_key>no_logs</word_key>
      <word_default>No saved logs</word_default>
    </lang>
    <lang>
      <word_app>loginas</word_app>
      <word_pack>admin_logs</word_pack>
      <word_key>deleted_logs</word_key>
      <word_default>Deleted %s logs</word_default>
    </lang>
    <lang>
      <word_app>loginas</word_app>
      <word_pack>admin_logs</word_pack>
      <word_key>no_ids</word_key>
      <word_default>No IDs to delete</word_default>
    </lang>
    <lang>
      <word_app>loginas</word_app>
      <word_pack>admin_logs</word_pack>
      <word_key>all_removed</word_key>
      <word_default>Deleted all logs</word_default>
    </lang>
    <lang>
      <word_app>loginas</word_app>
      <word_pack>admin_logs</word_pack>
      <word_key>ip_address</word_key>
      <word_default>IP Address</word_default>
    </lang>
    <lang>
      <word_app>loginas</word_app>
      <word_pack>admin_logs</word_pack>
      <word_key>delete_logs</word_key>
      <word_default>Delete All Logs</word_default>
    </lang>
    <lang>
      <word_app>loginas</word_app>
      <word_pack>admin_logs</word_pack>
      <word_key>delete_selected</word_key>
      <word_default>Delete selected logs</word_default>
    </lang>
    <lang>
      <word_app>loginas</word_app>
      <word_pack>admin_logs</word_pack>
      <word_key>search_logs</word_key>
      <word_default>Search Logs</word_default>
    </lang>
    <lang>
      <word_app>loginas</word_app>
      <word_pack>admin_logs</word_pack>
      <word_key>search</word_key>
      <word_default>Search</word_default>
    </lang>
    <lang>
      <word_app>loginas</word_app>
      <word_pack>admin_logs</word_pack>
      <word_key>app_title</word_key>
      <word_default>(TVC32) Log In As Member</word_default>
    </lang>
    <lang>
      <word_app>loginas</word_app>
      <word_pack>admin_logs</word_pack>
      <word_key>last_acts</word_key>
      <word_default>Last 10 logged actions</word_default>
    </lang>
    <lang>
      <word_app>loginas</word_app>
      <word_pack>admin_logs</word_pack>
      <word_key>pruned</word_key>
      <word_default>Pruned %s logs that were more than %s days old</word_default>
    </lang>
    <lang>
      <word_app>loginas</word_app>
      <word_pack>admin_logs</word_pack>
      <word_key>search_what</word_key>
      <word_default>Search what</word_default>
    </lang>
    <lang>
      <word_app>loginas</word_app>
      <word_pack>admin_logs</word_pack>
      <word_key>value</word_key>
      <word_default>Value</word_default>
    </lang>
  </languagegroup>
</languageexport>
