<?xml version="1.0" encoding="utf-8"?>
<information>
  <data>
    <name>(TVC32) Log In As Member</name>
    <public_name>Log In As Member</public_name>
    <hide_tab>1</hide_tab>
    <author>Roc13x</author>
    <description>Allows admins to log in as other users</description>
    <disabledatinstall>0</disabledatinstall>
    <global_caches/>
    <website>http://www.tvc-inc.net</website>
    <update_check>http://www.tvc-inc.net/static/update.php?appKey=loginas</update_check>
    <templategroups>
        <template match="exact">skin_loginas</template>
    </templategroups>
  </data>
</information>
