<?xml version="1.0" encoding="utf-8"?>
<moduleexport>
  <modulegroup>
    <module>
      <sys_module_title>Logs</sys_module_title>
      <sys_module_application>loginas</sys_module_application>
      <sys_module_key>logs</sys_module_key>
      <sys_module_description>Logs Viewer</sys_module_description>
      <sys_module_version>2.1.1</sys_module_version>
      <sys_module_parent/>
      <sys_module_protected>0</sys_module_protected>
      <sys_module_tables/>
      <sys_module_hooks/>
      <sys_module_visible>1</sys_module_visible>
      <sys_module_position>1</sys_module_position>
      <sys_module_admin>1</sys_module_admin>
    </module>
    <module>
      <sys_module_title>Bans</sys_module_title>
      <sys_module_application>loginas</sys_module_application>
      <sys_module_key>bans</sys_module_key>
      <sys_module_description>Bans management</sys_module_description>
      <sys_module_version>2.1.1</sys_module_version>
      <sys_module_parent/>
      <sys_module_protected>0</sys_module_protected>
      <sys_module_tables/>
      <sys_module_hooks/>
      <sys_module_visible>1</sys_module_visible>
      <sys_module_position>2</sys_module_position>
      <sys_module_admin>1</sys_module_admin>
    </module>
    <module>
      <sys_module_title>Management</sys_module_title>
      <sys_module_application>loginas</sys_module_application>
      <sys_module_key>loginas</sys_module_key>
      <sys_module_description>Main Module</sys_module_description>
      <sys_module_version>2.1.1</sys_module_version>
      <sys_module_parent/>
      <sys_module_protected>0</sys_module_protected>
      <sys_module_tables/>
      <sys_module_hooks/>
      <sys_module_visible>1</sys_module_visible>
      <sys_module_position>3</sys_module_position>
      <sys_module_admin>1</sys_module_admin>
    </module>
  </modulegroup>
</moduleexport>
