<?xml version="1.0" encoding="utf-8"?>
<templates application="loginas" templategroups="a:1:{s:12:&quot;skin_loginas&quot;;s:5:&quot;exact&quot;;}">
  <templategroup group="skin_loginas">
    <template>
      <template_group>skin_loginas</template_group>
      <template_content><![CDATA[<li><a href='{$this->settings['board_url']}/index.php?app=core&amp;module=global&amp;section=login&amp;do=loginas&amp;member_id={$member['member_id']}' title='{parse expression="sprintf( $this->lang->words['button_title'], $member['members_display_name'] )"}'>{parse expression="sprintf( $this->lang->words['button_word'], $member['members_display_name'] )"}</a></li>]]></template_content>
      <template_name>logInAsMember</template_name>
      <template_data>$member=array()</template_data>
      <template_updated>1311621051</template_updated>
      <template_removable>0</template_removable>
      <template_user_added>0</template_user_added>
      <template_user_edited>0</template_user_edited>
      <template_master_key>root</template_master_key>
    </template>
    <template>
      <template_group>skin_loginas</template_group>
      <template_content><![CDATA[<li><a href='{parse url="app=core&amp;module=global&amp;section=login&amp;do=loginas&amp;member_id={$member['member_id']}" base="public"}' title='{parse expression="sprintf( $this->lang->words['button_title'], $member['members_display_name'] )"}'>{parse replacement="signin_icon"}</a>]]></template_content>
      <template_name>logInAsMemberCard</template_name>
      <template_data>$member=array()</template_data>
      <template_updated>1311621051</template_updated>
      <template_removable>0</template_removable>
      <template_user_added>0</template_user_added>
      <template_user_edited>0</template_user_edited>
      <template_master_key>root</template_master_key>
    </template>
    <template>
      <template_group>skin_loginas</template_group>
      <template_content><![CDATA[<div class='maintitle'>{$this->lang->words['last_acts']}</div>
<if test="isError:|:$message == ''">
<table class='ipb_table'>
		<tr class='header'>
                     <th>{$this->lang->words['time']}</th>
		     <th>{$this->lang->words['action']}</th>
		     <th>{$this->lang->words['ip_address']}</th>
		     <th>{$this->lang->words['anonymous']}</th>
                </tr>
		<foreach loop="$logs as $l">
			<tr>
				<td>{$this->registry->class_localization->getDate( $l['time'], 'LONG' )}</td>
				<td>{$l['admin']} {$l['action']} {$l['user']}</td>
				<td>{$l['ip']}</td>
				<td>{$l['anonymous']}</td>
			</tr>
		</foreach>
</table>
<else />
<div class='no_messages'>{$message}</div>
</if>]]></template_content>
      <template_name>logInAsMemberTab</template_name>
      <template_data><![CDATA[$logs=array(), $message='']]></template_data>
      <template_updated>1311621051</template_updated>
      <template_removable>0</template_removable>
      <template_user_added>0</template_user_added>
      <template_user_edited>0</template_user_edited>
      <template_master_key>root</template_master_key>
    </template>
  </templategroup>
</templates>
