<?xml version="1.0" encoding="utf-8"?>
<export>
  <group>
    <row>
      <task_id>20</task_id>
      <task_title><![CDATA[Prune &quot;Log In As Member&quot; Logs]]></task_title>
      <task_file>loginas_prune.php</task_file>
      <task_next_run>1294920000</task_next_run>
      <task_week_day>-1</task_week_day>
      <task_month_day>-1</task_month_day>
      <task_hour>12</task_hour>
      <task_minute>0</task_minute>
      <task_cronkey>42966635dd4c3228e11d25980b888dde</task_cronkey>
      <task_log>1</task_log>
      <task_description>Deletes old login logs</task_description>
      <task_enabled>1</task_enabled>
      <task_key>loginas_prune</task_key>
      <task_safemode>0</task_safemode>
      <task_locked>0</task_locked>
      <task_application>loginas</task_application>
    </row>
  </group>
</export>
