<?xml version="1.0" encoding="utf-8"?>
<settingexport>
  <settinggroup>
    <setting>
      <conf_is_title>1</conf_is_title>
      <conf_title_keyword>loginasmember</conf_title_keyword>
      <conf_title_title>(TVC32) Log In As Member</conf_title_title>
      <conf_title_desc>All settings for the (TVC32) Log In As Member application</conf_title_desc>
      <conf_title_tab>TVC Inc</conf_title_tab>
      <conf_title_app>loginas</conf_title_app>
      <conf_title_noshow>0</conf_title_noshow>
    </setting>
    <setting>
      <conf_title>System Enabled?</conf_title>
      <conf_description>Is the system enabled on your board?</conf_description>
      <conf_group>181</conf_group>
      <conf_type>yes_no</conf_type>
      <conf_key>loginas_enabled</conf_key>
      <conf_default>0</conf_default>
      <conf_extra/>
      <conf_evalphp/>
      <conf_protected>1</conf_protected>
      <conf_position>1</conf_position>
      <conf_start_group/>
      <conf_add_cache>1</conf_add_cache>
      <conf_keywords/>
      <conf_title_keyword>loginasmember</conf_title_keyword>
      <conf_is_title>0</conf_is_title>
    </setting>
    <setting>
      <conf_title>Allowed Groups</conf_title>
      <conf_description>Groups allowed to use the system</conf_description>
      <conf_group>181</conf_group>
      <conf_type>multi</conf_type>
      <conf_key>loginas_groups</conf_key>
      <conf_default/>
      <conf_extra>#show_groups#</conf_extra>
      <conf_evalphp><![CDATA[if ( $save == 1 )
{
	if ( is_array( $_POST['loginas_groups'] ) )
	{
		$_POST['loginas_groups'] = implode( ",", $_POST['loginas_groups'] );
	}
	else
	{
		$_POST['loginas_groups'] = "";
	}
	
	$key = 'loginas_groups';
}
if ( $show == 1 )
{
	$key = 'loginas_groups[]';
}]]></conf_evalphp>
      <conf_protected>1</conf_protected>
      <conf_position>2</conf_position>
      <conf_start_group/>
      <conf_add_cache>1</conf_add_cache>
      <conf_keywords/>
      <conf_title_keyword>loginasmember</conf_title_keyword>
      <conf_is_title>0</conf_is_title>
    </setting>
    <setting>
      <conf_title>Protected Groups</conf_title>
      <conf_description>Groups that cannot be logged into by the system</conf_description>
      <conf_group>181</conf_group>
      <conf_type>multi</conf_type>
      <conf_key>loginas_protected</conf_key>
      <conf_default/>
      <conf_extra>#show_groups#</conf_extra>
      <conf_evalphp><![CDATA[if ( $save == 1 )
{
	if ( is_array( $_POST['loginas_protected'] ) )
	{
		$_POST['loginas_protected'] = implode( ",", $_POST['loginas_protected'] );
	}
	else
	{
		$_POST['loginas_protected'] = "";
	}
	
	$key = 'loginas_protected';
}
if ( $show == 1 )
{
	$key = 'loginas_protected[]';
}]]></conf_evalphp>
      <conf_protected>1</conf_protected>
      <conf_position>3</conf_position>
      <conf_start_group/>
      <conf_add_cache>1</conf_add_cache>
      <conf_keywords/>
      <conf_title_keyword>loginasmember</conf_title_keyword>
      <conf_is_title>0</conf_is_title>
    </setting>
    <setting>
      <conf_title>Anonymous logins?</conf_title>
      <conf_description>If set to yes, all logins made by this system will be anonymous</conf_description>
      <conf_group>181</conf_group>
      <conf_type>yes_no</conf_type>
      <conf_key>loginas_anon</conf_key>
      <conf_default>0</conf_default>
      <conf_extra/>
      <conf_evalphp/>
      <conf_protected>1</conf_protected>
      <conf_position>4</conf_position>
      <conf_start_group/>
      <conf_add_cache>1</conf_add_cache>
      <conf_keywords/>
      <conf_title_keyword>loginasmember</conf_title_keyword>
      <conf_is_title>0</conf_is_title>
    </setting>
    <setting>
      <conf_title>Enable profile tab?</conf_title>
      <conf_description>Shows the latest login logs for a member on their profile. Users with no permission will not see the tab</conf_description>
      <conf_group>181</conf_group>
      <conf_type>yes_no</conf_type>
      <conf_key>loginas_tab</conf_key>
      <conf_default>0</conf_default>
      <conf_extra/>
      <conf_evalphp/>
      <conf_protected>1</conf_protected>
      <conf_position>5</conf_position>
      <conf_start_group/>
      <conf_add_cache>1</conf_add_cache>
      <conf_keywords>loginas profile tab</conf_keywords>
      <conf_title_keyword>loginasmember</conf_title_keyword>
      <conf_is_title>0</conf_is_title>
    </setting>
    <setting>
      <conf_title>Prune Old Logs? (Days)</conf_title>
      <conf_description>Automatically deletes logs older than the number of days you specify. Enter 0 to disable automatic pruning</conf_description>
      <conf_group>181</conf_group>
      <conf_type>input</conf_type>
      <conf_key>loginas_prune</conf_key>
      <conf_default>0</conf_default>
      <conf_extra/>
      <conf_evalphp/>
      <conf_protected>1</conf_protected>
      <conf_position>6</conf_position>
      <conf_start_group/>
      <conf_add_cache>1</conf_add_cache>
      <conf_keywords>loginas login prune logs</conf_keywords>
      <conf_title_keyword>loginasmember</conf_title_keyword>
      <conf_is_title>0</conf_is_title>
    </setting>
  </settinggroup>
</settingexport>
