<?xml version="1.0" encoding="utf-8"?>
<templates application="loginas" templategroups="a:1:{s:12:&quot;skin_loginas&quot;;s:5:&quot;exact&quot;;}">
  <templategroup group="skin_loginas">
    <template>
      <template_group>skin_loginas</template_group>
      <template_content><![CDATA[<!--no data in this master skin-->]]></template_content>
      <template_name>logInAsMember</template_name>
      <template_data/>
      <template_updated>1311621051</template_updated>
      <template_removable>0</template_removable>
      <template_user_added>0</template_user_added>
      <template_user_edited>0</template_user_edited>
      <template_master_key>mobile</template_master_key>
    </template>
    <template>
      <template_group>skin_loginas</template_group>
      <template_content><![CDATA[<!--no data in this master skin-->]]></template_content>
      <template_name>logInAsMemberCard</template_name>
      <template_data/>
      <template_updated>1311621051</template_updated>
      <template_removable>0</template_removable>
      <template_user_added>0</template_user_added>
      <template_user_edited>0</template_user_edited>
      <template_master_key>mobile</template_master_key>
    </template>
    <template>
      <template_group>skin_loginas</template_group>
      <template_content><![CDATA[<!--no data in this master skin-->]]></template_content>
      <template_name>logInAsMemberTab</template_name>
      <template_data/>
      <template_updated>1311621051</template_updated>
      <template_removable>0</template_removable>
      <template_user_added>0</template_user_added>
      <template_user_edited>0</template_user_edited>
      <template_master_key>mobile</template_master_key>
    </template>
  </templategroup>
</templates>
