<?xml version="1.0" encoding="utf-8"?>
<languageexport>
  <languagegroup>
    <lang>
      <word_app>loginas</word_app>
      <word_pack>public_login</word_pack>
      <word_key>banned</word_key>
      <word_default>You are banned from using this system</word_default>
    </lang>
    <lang>
      <word_app>loginas</word_app>
      <word_pack>public_login</word_pack>
      <word_key>bad_account</word_key>
      <word_default>User account does not exist</word_default>
    </lang>
    <lang>
      <word_app>loginas</word_app>
      <word_pack>public_login</word_pack>
      <word_key>no_access</word_key>
      <word_default>You are not allowed to perform that action</word_default>
    </lang>
    <lang>
      <word_app>loginas</word_app>
      <word_pack>public_login</word_pack>
      <word_key>loggedInAs</word_key>
      <word_default>Logged into %s account with privacy %s</word_default>
    </lang>
    <lang>
      <word_app>loginas</word_app>
      <word_pack>public_login</word_pack>
      <word_key>logBackAdmin</word_key>
      <word_default>Logged back into %s account</word_default>
    </lang>
    <lang>
      <word_app>loginas</word_app>
      <word_pack>public_login</word_pack>
      <word_key>disabled</word_key>
      <word_default>Disabled</word_default>
    </lang>
    <lang>
      <word_app>loginas</word_app>
      <word_pack>public_login</word_pack>
      <word_key>enabled</word_key>
      <word_default>Enabled</word_default>
    </lang>
    <lang>
      <word_app>loginas</word_app>
      <word_pack>public_profile</word_pack>
      <word_key>button_title</word_key>
      <word_default>Log into the board as %s</word_default>
    </lang>
    <lang>
      <word_app>loginas</word_app>
      <word_pack>public_profile</word_pack>
      <word_key>button_word</word_key>
      <word_default>Log in as %s</word_default>
    </lang>
  </languagegroup>
</languageexport>
