<?xml version="1.0" encoding="UTF-8"?>
<versions>
	<version>
		<human>2.0.0</human>
		<long>20000</long>
	</version>
	<version>
		<human>2.0.1</human>
		<long>20100</long>
	</version>
	<version>
		<human>2.0.2</human>
		<long>20200</long>
	</version>
	<version>
		<human>2.0.3</human>
		<long>20300</long>
	</version>
	<version>
		<human>2.0.4</human>
		<long>20400</long>
	</version>
	<version>
		<human>2.0.5</human>
		<long>20500</long>
	</version>
	<version>
		<human>2.1.0</human>
		<long>21000</long>
	</version>
	<version>
		<human>2.1.1</human>
		<long>21100</long>
	</version>
</versions>