<?xml version="1.0" encoding="utf-8"?>
<export>
  <group>
    <row>
      <task_id>70</task_id>
      <task_title>Hourly clean up</task_title>
      <task_file>hourly.php</task_file>
      <task_next_run>1312463880</task_next_run>
      <task_week_day>-1</task_week_day>
      <task_month_day>-1</task_month_day>
      <task_hour>-1</task_hour>
      <task_minute>0</task_minute>
      <task_cronkey>9a022f2c013e1096947911853a76fd72</task_cronkey>
      <task_log>1</task_log>
      <task_description>Removes old bandwidth data, etc</task_description>
      <task_enabled>1</task_enabled>
      <task_key>hourly</task_key>
      <task_safemode>1</task_safemode>
      <task_locked>0</task_locked>
      <task_application>gallery</task_application>
    </row>
  </group>
</export>
