<?xml version="1.0" encoding="utf-8"?>
<information>
  <data>
    <name>Gallery</name>
    <public_name>Gallery</public_name>
    <hide_tab>0</hide_tab>
    <author>Invision Power Services, Inc.</author>
    <description/>
    <disabledatinstall>0</disabledatinstall>
    <ipskey>19666b67b4735a89a7a70082136fb24c</ipskey>
    <global_caches/>
    <website/>
    <update_check/>
    <templategroups>
        <template match="contains">skin_gallery_</template>
    </templategroups>
  </data>
</information>
