<?xml version="1.0" encoding="utf-8"?>
<hookexport>
  <hookdata>
    <config>
      <hook_name>(DDK33) Instant Notifications</hook_name>
      <hook_desc>This hook will instantly update unread notifications and PMs count, then it will put that in title of all pages like Facebook or Twitter.</hook_desc>
      <hook_author>Ibragim Pupkevich</hook_author>
      <hook_email>ibragim.pupkevich@gmail.com</hook_email>
      <hook_website/>
      <hook_update_check/>
      <hook_requirements><![CDATA[a:3:{s:21:"required_applications";a:1:{s:4:"core";a:3:{s:8:"app_name";s:6:"System";s:11:"min_version";i:33000;s:11:"max_version";i:0;}}s:20:"hook_php_version_min";s:0:"";s:20:"hook_php_version_max";s:0:"";}]]></hook_requirements>
      <hook_version_human>2.0.0</hook_version_human>
      <hook_version_long>1000</hook_version_long>
      <hook_extra_data><![CDATA[a:3:{s:7:"display";a:2:{s:8:"settings";s:45:"Setting groups: (DDK33) Instant Notifications";s:9:"templates";s:45:"From skin_global: hookDDK33NotificationsCntJS";}s:13:"settingGroups";a:1:{s:0:"";s:11:"ddk33_intfs";}s:9:"templates";a:1:{s:11:"skin_global";a:1:{i:0;s:27:"hookDDK33NotificationsCntJS";}}}]]></hook_extra_data>
      <hook_key>ddk33_intfs</hook_key>
      <hook_global_caches/>
    </config>
  </hookdata>
  <hookfiles>
    <file>
      <hook_file_real>ddk33_notifications_cnt.php</hook_file_real>
      <hook_type>skinHooks</hook_type>
      <hook_classname>ddk33NotificationsCnt</hook_classname>
      <hook_data><![CDATA[a:8:{s:12:"dataLocation";s:0:"";s:14:"libApplication";s:0:"";s:15:"classToOverload";s:11:"skin_global";s:9:"skinGroup";N;s:12:"skinFunction";N;s:4:"type";N;s:2:"id";N;s:8:"position";N;}]]></hook_data>
      <hooks_source><![CDATA[class ddk33NotificationsCnt extends (~extends~)
{	
	public function globalTemplate( $html, $documentHeadItems, $css, $jsModules, $metaTags, array $header_items, $items=array(), $footer_items=array(), $stats=array() )
	{
		if( $this->settings['ddk33_intfs_disable_js'] )
		{
			$ntfs_cnt = $this->memberData['msg_count_new'] + $this->memberData['notification_cnt'];
			
			if( $ntfs_cnt > 0 ) 
				$header_items['title'] = '(' . $ntfs_cnt . ') ' . $header_items['title'];
		}
		return parent::globalTemplate( $html, $documentHeadItems, $css, $jsModules, $metaTags, $header_items, $items, $footer_items, $stats );
	}
}]]></hooks_source>
    </file>
    <file>
      <hook_file_real>ddk33_notifications_cnt_js.php</hook_file_real>
      <hook_type>templateHooks</hook_type>
      <hook_classname>ddk33_notifications_cnt_js</hook_classname>
      <hook_data><![CDATA[a:8:{s:12:"dataLocation";s:0:"";s:14:"libApplication";s:0:"";s:15:"classToOverload";s:0:"";s:9:"skinGroup";s:11:"skin_global";s:12:"skinFunction";s:9:"includeJS";s:4:"type";s:2:"if";s:2:"id";s:8:"minifyjs";s:8:"position";s:10:"post.endif";}]]></hook_data>
      <hooks_source><![CDATA[<?php

class ddk33_notifications_cnt_js
{
	public $registry;
	
	public function __construct()
	{
		$this->registry   =  ipsRegistry::instance();
		$this->memberData =& $this->registry->member()->fetchMemberData();
		$this->settings   =& $this->registry->fetchSettings();
	}
	
	public function getOutput()
	{
		if( $this->memberData['member_id'] && !$this->settings['ddk33_intfs_disable_js'] )
			return $this->registry->output->getTemplate( 'global' )->hookDDK33NotificationsCntJS( );
		else
			return '';
	}
}

?>]]></hooks_source>
    </file>
  </hookfiles>
  <hookextras_settings>
    <setting>
      <conf_is_title>1</conf_is_title>
      <conf_title_title>(DDK33) Instant Notifications</conf_title_title>
      <conf_title_desc/>
      <conf_title_noshow>0</conf_title_noshow>
      <conf_title_keyword>ddk33_intfs</conf_title_keyword>
      <conf_title_app>core</conf_title_app>
      <conf_title_tab>Hooks</conf_title_tab>
    </setting>
    <setting>
      <conf_id>334</conf_id>
      <conf_title>Switch to Stone Age mode?</conf_title>
      <conf_description><![CDATA[Disable AJAX push? Here you may switch hook to static mode. In that case you'll always need to refresh page manually to get notifications count updated.]]></conf_description>
      <conf_group>55</conf_group>
      <conf_type>yes_no</conf_type>
      <conf_key>ddk33_intfs_disable_js</conf_key>
      <conf_value/>
      <conf_default>0</conf_default>
      <conf_extra/>
      <conf_evalphp/>
      <conf_protected>0</conf_protected>
      <conf_position>1</conf_position>
      <conf_start_group/>
      <conf_add_cache>1</conf_add_cache>
      <conf_keywords/>
      <conf_title_keyword>ddk33_intfs</conf_title_keyword>
      <conf_is_title>0</conf_is_title>
    </setting>
    <setting>
      <conf_id>335</conf_id>
      <conf_title>AJAX push update interval (sec)</conf_title>
      <conf_description>Recommended interval is 10 seconds. Increase this value if your board is overloaded.</conf_description>
      <conf_group>55</conf_group>
      <conf_type>input</conf_type>
      <conf_key>ddk33_intfs_update_freq</conf_key>
      <conf_value/>
      <conf_default>10</conf_default>
      <conf_extra/>
      <conf_evalphp><![CDATA[if ( $save == 1)
{
	$_POST['ddk33_intfs_update_freq'] = intval($_POST['ddk33_intfs_update_freq']);
	$_POST['ddk33_intfs_update_freq'] = ( $_POST['ddk33_intfs_update_freq'] < 1 ) ? 1 : $_POST['ddk33_intfs_update_freq'];
}]]></conf_evalphp>
      <conf_protected>0</conf_protected>
      <conf_position>2</conf_position>
      <conf_start_group/>
      <conf_add_cache>1</conf_add_cache>
      <conf_keywords/>
      <conf_title_keyword>ddk33_intfs</conf_title_keyword>
      <conf_is_title>0</conf_is_title>
    </setting>
  </hookextras_settings>
  <hookextras_language/>
  <hookextras_modules/>
  <hookextras_help/>
  <hookextras_templates>
    <templates>
      <template_group>skin_global</template_group>
      <template_content><![CDATA[<script src="{$this->settings['public_dir']}js/ips.ddk33_intfs.js" type="text/javascript"></script>

<script type="text/javascript">
	var intfs_orig_title = document.title;
	var intfs_cur_notifications_cnt = 0;
	var intfs_cur_pms_cnt = 0;
	ipb.getNotificationsCnt.updateInterval = parseInt( {$this->settings['ddk33_intfs_update_freq']} );
</script>]]></template_content>
      <template_name>hookDDK33NotificationsCntJS</template_name>
      <template_data/>
      <template_updated>1342684257</template_updated>
      <template_removable>1</template_removable>
      <template_added_to>1</template_added_to>
      <template_user_added>1</template_user_added>
      <template_user_edited>1</template_user_edited>
      <template_master_key>root</template_master_key>
    </templates>
  </hookextras_templates>
  <hookextras_css/>
  <hookextras_replacements/>
  <hookextras_tasks/>
  <hookextras_database_create/>
  <hookextras_database_alter/>
  <hookextras_database_update/>
  <hookextras_database_insert/>
</hookexport>
