<?xml version="1.0" encoding="utf-8"?>
<languageexport>
  <languagegroup>
    <lang>
      <word_app>forumicons</word_app>
      <word_pack>admin_forumicons</word_pack>
      <word_key>forumicons_overview</word_key>
      <word_default>Forum Icons Overview</word_default>
    </lang>
    <lang>
      <word_app>forumicons</word_app>
      <word_pack>admin_forumicons</word_pack>
      <word_key>update_cache</word_key>
      <word_default>Update Cache</word_default>
    </lang>
    <lang>
      <word_app>forumicons</word_app>
      <word_pack>admin_forumicons</word_pack>
      <word_key>forums</word_key>
      <word_default>Forums</word_default>
    </lang>
    <lang>
      <word_app>forumicons</word_app>
      <word_pack>admin_forumicons</word_pack>
      <word_key>edit_settings</word_key>
      <word_default>Edit Forum</word_default>
    </lang>
    <lang>
      <word_app>forumicons</word_app>
      <word_pack>admin_forumicons</word_pack>
      <word_key>noforums</word_key>
      <word_default><![CDATA[Can't find any forum.]]></word_default>
    </lang>
    <lang>
      <word_app>forumicons</word_app>
      <word_pack>admin_forumicons</word_pack>
      <word_key>tools_list</word_key>
      <word_default>Tools List</word_default>
    </lang>
    <lang>
      <word_app>forumicons</word_app>
      <word_pack>admin_forumicons</word_pack>
      <word_key>convert_tool_title</word_key>
      <word_default>Convert Old Settings</word_default>
    </lang>
    <lang>
      <word_app>forumicons</word_app>
      <word_pack>admin_forumicons</word_pack>
      <word_key>convert_tool_title_desc</word_key>
      <word_default>With this tool you can convert old settings to the new system of forum icons.</word_default>
    </lang>
    <lang>
      <word_app>forumicons</word_app>
      <word_pack>admin_forumicons</word_pack>
      <word_key>run_tool</word_key>
      <word_default>Run Tool</word_default>
    </lang>
    <lang>
      <word_app>forumicons</word_app>
      <word_pack>admin_forumicons</word_pack>
      <word_key>convert_tool_run</word_key>
      <word_default>Old settings were converted successfully.</word_default>
    </lang>
    <lang>
      <word_app>forumicons</word_app>
      <word_pack>admin_forumicons</word_pack>
      <word_key>re_percycle</word_key>
      <word_default>Per Cycle</word_default>
    </lang>
    <lang>
      <word_app>forumicons</word_app>
      <word_pack>admin_forumicons</word_pack>
      <word_key>success_cache_updated</word_key>
      <word_default>Icons cache was updated successfully.</word_default>
    </lang>
    <lang>
      <word_app>forumicons</word_app>
      <word_pack>admin_forumicons</word_pack>
      <word_key>edit_item_button</word_key>
      <word_default>Edit Forum</word_default>
    </lang>
    <lang>
      <word_app>forumicons</word_app>
      <word_pack>admin_forumicons</word_pack>
      <word_key>editing_item</word_key>
      <word_default>Editing Forum Icon</word_default>
    </lang>
    <lang>
      <word_app>forumicons</word_app>
      <word_pack>admin_forumicons</word_pack>
      <word_key>error_no_forum_id</word_key>
      <word_default><![CDATA[Can't find this forum. Please try again.]]></word_default>
    </lang>
    <lang>
      <word_app>forumicons</word_app>
      <word_pack>admin_forumicons</word_pack>
      <word_key>oror</word_key>
      <word_default><![CDATA[<strong>...or...</strong>]]></word_default>
    </lang>
    <lang>
      <word_app>forumicons</word_app>
      <word_pack>admin_forumicons</word_pack>
      <word_key>cancel_operation</word_key>
      <word_default>Cancel Operation</word_default>
    </lang>
    <lang>
      <word_app>forumicons</word_app>
      <word_pack>admin_forumicons</word_pack>
      <word_key>redirectedit_item</word_key>
      <word_default>Forum icon was edited successfully.</word_default>
    </lang>
    <lang>
      <word_app>forumicons</word_app>
      <word_pack>admin_forumicons</word_pack>
      <word_key>main_informations</word_key>
      <word_default>Main Informations</word_default>
    </lang>
    <lang>
      <word_app>forumicons</word_app>
      <word_pack>admin_forumicons</word_pack>
      <word_key>i_enabled</word_key>
      <word_default>Enabled</word_default>
    </lang>
    <lang>
      <word_app>forumicons</word_app>
      <word_pack>admin_forumicons</word_pack>
      <word_key>i_enabled_desc</word_key>
      <word_default>Do you want to show custom icon for this forum?</word_default>
    </lang>
    <lang>
      <word_app>forumicons</word_app>
      <word_pack>admin_forumicons</word_pack>
      <word_key>icon</word_key>
      <word_default>Icon</word_default>
    </lang>
    <lang>
      <word_app>forumicons</word_app>
      <word_pack>admin_forumicons</word_pack>
      <word_key>icon_desc</word_key>
      <word_default>Select icon and upload it.</word_default>
    </lang>
    <lang>
      <word_app>forumicons</word_app>
      <word_pack>admin_forumicons</word_pack>
      <word_key>error_number__upload_failed_possible_xss</word_key>
      <word_default>Possible XSS attack!</word_default>
    </lang>
    <lang>
      <word_app>forumicons</word_app>
      <word_pack>admin_forumicons</word_pack>
      <word_key>error_number__upload_no_choosen_file</word_key>
      <word_default><![CDATA[You didn't select file to upload.]]></word_default>
    </lang>
    <lang>
      <word_app>forumicons</word_app>
      <word_pack>admin_forumicons</word_pack>
      <word_key>error_number__invalid_file_extension</word_key>
      <word_default>Invalid file extension.</word_default>
    </lang>
    <lang>
      <word_app>forumicons</word_app>
      <word_pack>admin_forumicons</word_pack>
      <word_key>error_number__upload_to_big</word_key>
      <word_default>File what you trying upload is too big.</word_default>
    </lang>
    <lang>
      <word_app>forumicons</word_app>
      <word_pack>admin_forumicons</word_pack>
      <word_key>error_number__upload_failed_cant_move</word_key>
      <word_default><![CDATA[Can't move file.]]></word_default>
    </lang>
    <lang>
      <word_app>forumicons</word_app>
      <word_pack>admin_forumicons</word_pack>
      <word_key>error_number__upload_failed_no_upload</word_key>
      <word_default>Failed upload. Please try again.</word_default>
    </lang>
    <lang>
      <word_app>forumicons</word_app>
      <word_pack>admin_forumicons</word_pack>
      <word_key>current_image</word_key>
      <word_default>Current Image</word_default>
    </lang>
    <lang>
      <word_app>forumicons</word_app>
      <word_pack>admin_forumicons</word_pack>
      <word_key>rebuild_process_f</word_key>
      <word_default>Processed forum %s </word_default>
    </lang>
    <lang>
      <word_app>forumicons</word_app>
      <word_pack>admin_forumicons</word_pack>
      <word_key>re_rebuildcomp</word_key>
      <word_default><![CDATA[<strong>Rebuild completed</strong><br /> ]]></word_default>
    </lang>
    <lang>
      <word_app>forumicons</word_app>
      <word_pack>admin_forumicons</word_pack>
      <word_key>re_thisgoeshere</word_key>
      <word_default><![CDATA[<strong>Up to %s processed so far, continuing...</strong>]]></word_default>
    </lang>
    <lang>
      <word_app>forumicons</word_app>
      <word_pack>admin_forumicons</word_pack>
      <word_key>delete_icon</word_key>
      <word_default>Delete Icon</word_default>
    </lang>
    <lang>
      <word_app>forumicons</word_app>
      <word_pack>admin_forumicons</word_pack>
      <word_key>success_icon_deleted</word_key>
      <word_default>Icon was deleted successfully.</word_default>
    </lang>
    <lang>
      <word_app>forumicons</word_app>
      <word_pack>admin_menulang</word_pack>
      <word_key>menu__manage_settings</word_key>
      <word_default>Manage Settings</word_default>
    </lang>
    <lang>
      <word_app>forumicons</word_app>
      <word_pack>admin_menulang</word_pack>
      <word_key>menu__manage_icons</word_key>
      <word_default>Manage Icons</word_default>
    </lang>
    <lang>
      <word_app>forumicons</word_app>
      <word_pack>admin_menulang</word_pack>
      <word_key>tools</word_key>
      <word_default>Tools</word_default>
    </lang>
  </languagegroup>
</languageexport>
