<?xml version="1.0" encoding="utf-8"?>
<moduleexport>
  <modulegroup>
    <module>
      <sys_module_title>Manage Icons</sys_module_title>
      <sys_module_application>forumicons</sys_module_application>
      <sys_module_key>manage</sys_module_key>
      <sys_module_description/>
      <sys_module_version>1.0.0</sys_module_version>
      <sys_module_parent/>
      <sys_module_protected>1</sys_module_protected>
      <sys_module_tables/>
      <sys_module_hooks/>
      <sys_module_visible>1</sys_module_visible>
      <sys_module_position>32</sys_module_position>
      <sys_module_admin>1</sys_module_admin>
    </module>
    <module>
      <sys_module_title>Manage Settings</sys_module_title>
      <sys_module_application>forumicons</sys_module_application>
      <sys_module_key>settings</sys_module_key>
      <sys_module_description/>
      <sys_module_version>1.0.0</sys_module_version>
      <sys_module_parent/>
      <sys_module_protected>1</sys_module_protected>
      <sys_module_tables/>
      <sys_module_hooks/>
      <sys_module_visible>1</sys_module_visible>
      <sys_module_position>33</sys_module_position>
      <sys_module_admin>1</sys_module_admin>
    </module>
    <module>
      <sys_module_title>Tools</sys_module_title>
      <sys_module_application>forumicons</sys_module_application>
      <sys_module_key>tools</sys_module_key>
      <sys_module_description/>
      <sys_module_version>1.0.0</sys_module_version>
      <sys_module_parent/>
      <sys_module_protected>1</sys_module_protected>
      <sys_module_tables/>
      <sys_module_hooks/>
      <sys_module_visible>1</sys_module_visible>
      <sys_module_position>34</sys_module_position>
      <sys_module_admin>1</sys_module_admin>
    </module>
  </modulegroup>
</moduleexport>
