<?xml version="1.0" encoding="UTF-8"?>
<menu>
	<tabitems>
		<item></item>
		<item>
			<title>Manage Pages</title>
			<subitems>
				<subitem>
					<subitemtitle>Manage Pages</subitemtitle>
					<subitemlang>manage_pages</subitemlang>	
					<subsection>pages</subsection>
					<subitemurl>do=view</subitemurl>
					<subitemrolekey></subitemrolekey>
					<subisredirect>0</subisredirect>
				</subitem>
				<subitem>
					<subitemtitle>Add New Page</subitemtitle>
					<subitemlang>add_new_page</subitemlang>	
					<subsection>pages</subsection>
					<subitemurl>do=addPage</subitemurl>
					<subitemrolekey></subitemrolekey>
					<subisredirect>0</subisredirect>
				</subitem>			
			</subitems>
		</item>
	</tabitems>
</menu>