<?xml version="1.0" encoding="utf-8"?>
<hookexport>
  <hookdata>
    <config>
      <hook_name>RealStats Mobile Skin Link</hook_name>
      <hook_desc>simple hook adds a link to the mobile menu for users in groups defined in settings.</hook_desc>
      <hook_author>Marcher Technologies</hook_author>
      <hook_email>marchertech@live.com</hook_email>
      <hook_website>http://marchertech.com</hook_website>
      <hook_update_check/>
      <hook_requirements><![CDATA[a:3:{s:21:"required_applications";a:1:{s:9:"realstats";a:3:{s:8:"app_name";s:9:"RealStats";s:11:"min_version";i:0;s:11:"max_version";i:0;}}s:20:"hook_php_version_min";s:0:"";s:20:"hook_php_version_max";s:0:"";}]]></hook_requirements>
      <hook_version_human>1.0.0</hook_version_human>
      <hook_version_long>10000</hook_version_long>
      <hook_extra_data/>
      <hook_key>realstats_MobileLink</hook_key>
      <hook_global_caches/>
    </config>
  </hookdata>
  <hookfiles>
    <file>
      <hook_file_real>realstats_mobileLink.php</hook_file_real>
      <hook_type>templateHooks</hook_type>
      <hook_classname>realstats_mobileLink</hook_classname>
      <hook_data><![CDATA[a:8:{s:12:"dataLocation";s:0:"";s:14:"libApplication";s:0:"";s:15:"classToOverload";s:0:"";s:9:"skinGroup";s:11:"skin_global";s:12:"skinFunction";s:14:"globalTemplate";s:4:"type";s:2:"if";s:2:"id";s:7:"hasBlog";s:8:"position";s:10:"post.endif";}]]></hook_data>
      <hooks_source><![CDATA[<?php

class realstats_mobileLink
{
	
	public function __construct()
	{
	 /* Make registry objects */
                $this->registry = ipsRegistry::instance();
			$this->settings		=& $this->registry->fetchSettings();
$this->member		=  $this->registry->member();
			$this->memberData	=& $this->registry->member()->fetchMemberData();	
	}
	
	public function getOutput()
	{
		/* INIT */
		$return = "";
if(IPSLib::appIsInstalled('realstats'))
		{
if($this->settings['realstats_groups_allowed'])
{
$groups = strstr($this->settings['realstats_groups_allowed'], ',')?explode(',', IPSText::cleanPermString($this->settings['realstats_groups_allowed'])):intval($this->settings['realstats_groups_allowed']);
if(!IPSMember::isInGroup($this->memberData, $groups))
{
return $return;
}
}
		
			/* Add in the template */
			$return .= ipsRegistry::getClass('output')->getTemplate('realstats_global')->mobileAppLink();
		}
		
		/* Return */
		return $return;
	}
}
]]></hooks_source>
    </file>
  </hookfiles>
  <hookextras_settings/>
  <hookextras_language/>
  <hookextras_modules/>
  <hookextras_help/>
  <hookextras_templates/>
  <hookextras_css/>
  <hookextras_replacements/>
  <hookextras_tasks/>
  <hookextras_database_create/>
  <hookextras_database_alter/>
  <hookextras_database_update/>
  <hookextras_database_insert/>
</hookexport>
