<?xml version="1.0" encoding="utf-8"?>
<hookexport>
  <hookdata>
    <config>
      <hook_name>(TVC32) Log In As Member</hook_name>
      <hook_desc>Allows admins to log in as any other user on the board</hook_desc>
      <hook_author>Roc13x</hook_author>
      <hook_email>webmaster@tvc-inc.net</hook_email>
      <hook_website>http://www.tvc-inc.net</hook_website>
      <hook_update_check/>
      <hook_requirements><![CDATA[a:3:{s:21:"required_applications";a:1:{s:4:"core";a:3:{s:8:"app_name";s:6:"System";s:11:"min_version";i:32003;s:11:"max_version";i:0;}}s:20:"hook_php_version_min";s:0:"";s:20:"hook_php_version_max";s:0:"";}]]></hook_requirements>
      <hook_version_human>2.1.1</hook_version_human>
      <hook_version_long>21100</hook_version_long>
      <hook_extra_data><![CDATA[a:2:{s:7:"display";a:3:{s:8:"language";s:0:"";s:8:"settings";s:0:"";s:9:"templates";s:0:"";}s:8:"database";a:0:{}}]]></hook_extra_data>
      <hook_key>LogInAsMemberHook</hook_key>
      <hook_global_caches/>
    </config>
  </hookdata>
  <hookfiles>
    <file>
      <hook_file_real>LogInAsMemberCard.php</hook_file_real>
      <hook_type>templateHooks</hook_type>
      <hook_classname>LogInAsMemberCard</hook_classname>
      <hook_data><![CDATA[a:8:{s:12:"dataLocation";s:0:"";s:14:"libApplication";s:0:"";s:15:"classToOverload";s:0:"";s:9:"skinGroup";s:12:"skin_profile";s:12:"skinFunction";s:8:"showCard";s:4:"type";s:2:"if";s:2:"id";s:12:"cardIsFriend";s:8:"position";s:11:"pre.startif";}]]></hook_data>
      <hooks_source><![CDATA[<?php
/*
#####################################################
#        (TVC32) Log In As Member v2.1.1            #
#===================================================#
#                Author: Roc13x                     #
#            Copyright (C) 2011 TVC Inc             #
#             http://www.tvc-inc.net/                #
#####################################################
*/
class LogInAsMemberCard
{
	public $registry;
	public $member;
	public $cache;
	
	public function __construct()
	{
		$this->registry = ipsRegistry::instance();
		$this->DB		=  $this->registry->DB();
		$this->settings =& $this->registry->fetchSettings();
		$this->cache    = $this->registry->cache();
		$this->caches   =& $this->registry->cache()->fetchCaches();
		$this->memberData =& $this->registry->member()->fetchMemberData();
		$this->lang       =  $this->registry->getClass('class_localization');
		$this->request    =& $this->registry->fetchRequest();
		$this->registry->getClass( 'class_localization' )->loadLanguageFile( array( 'public_profile' ), 'loginas' );
	}
	
	public function getOutput()
	{
		$member = IPSMember::load( intval( $this->request['mid'] ), 'member_id,groups' );
		if ( $this->memberData['member_id'] != $member['member_id'] && $this->settings['loginas_enabled'] & !$this->memberData['_cache']['loginas_banned'] )
	    {
		    if ( in_array( $this->memberData['member_group_id'], explode( ",", $this->settings['loginas_groups'] ) ) && ! in_array( $member['member_group_id'], explode( ",", $this->settings['loginas_protected'] ) ) )
		    {
				    return $this->registry->output->getTemplate('loginas')->logInAsMemberCard( $member );
            }  	
        }
	}
}
?>]]></hooks_source>
    </file>
    <file>
      <hook_file_real>LogInAsMemberSource.php</hook_file_real>
      <hook_type>commandHooks</hook_type>
      <hook_classname>LogInAsMemberSource</hook_classname>
      <hook_data><![CDATA[a:8:{s:12:"dataLocation";s:0:"";s:14:"libApplication";s:0:"";s:15:"classToOverload";s:24:"public_core_global_login";s:9:"skinGroup";N;s:12:"skinFunction";N;s:4:"type";N;s:2:"id";N;s:8:"position";N;}]]></hook_data>
      <hooks_source><![CDATA[<?php
/*
#####################################################
#        (TVC32) Log In As Member v2.1.1            #
#===================================================#
#                Author: Roc13x                     #
#            Copyright (C) 2011 TVC Inc             #
#             http://www.tvc-inc.net/                #
#####################################################
*/

class LogInAsMemberSource extends (~extends~)
{
	public function doExecute( ipsRegistry $registry ) 
	{
		$this->registry   =  $registry;
		$this->DB         =  $this->registry->DB();
		$this->settings   =& $this->registry->fetchSettings();
		$this->request    =& $this->registry->fetchRequest();
		$this->lang       =  $this->registry->getClass('class_localization');
		$this->member     =  $this->registry->member();
		$this->memberData =& $this->registry->member()->fetchMemberData();
		$this->cache      =  $this->registry->cache();
		$this->caches     =& $this->registry->cache()->fetchCaches();
		require_once( IPSLib::getAppDir( 'loginas' ) . '/sources/classLoginas.php' );
		$registry->setClass( 'classLoginas', new classLoginas( $registry ) );
		$this->registry->getClass( 'class_localization' )->loadLanguageFile( array( 'public_login' ), 'core' );
		
		switch( $this->request['do'] )
    	{
    		case 'loginas':
                $this->registry->classLoginas->logInAs($this->request['member_id']);
            break;
				
			case 'logout':
				if ( IPSCookie::get('adminuserhash') && IPSCookie::get('adminuserid') )
				{
				    $this->registry->classLoginas->adminLogOut();
				}
				else
				{
				    $this->initHanLogin();
                    $return = $this->doLogout();
					if (!$return[2]) $return[2] = '';
    			    if( $return[0] == 'immediate' ) {
					    $this->registry->getClass('output')->silentRedirect( $return[2] );
					} else {
					    $this->registry->getClass('output')->redirectScreen( $return[1], $return[2] );
					}
				}
            break;
    	}
		parent::doExecute( $registry );
	}
}

?>]]></hooks_source>
    </file>
    <file>
      <hook_file_real>LogInAsMemberTemp.php</hook_file_real>
      <hook_type>templateHooks</hook_type>
      <hook_classname>LogInAsMemberTemp</hook_classname>
      <hook_data><![CDATA[a:8:{s:12:"dataLocation";s:0:"";s:14:"libApplication";s:0:"";s:15:"classToOverload";s:0:"";s:9:"skinGroup";s:12:"skin_profile";s:12:"skinFunction";s:13:"profileModern";s:4:"type";s:2:"if";s:2:"id";s:11:"weAreSupmod";s:8:"position";s:11:"pre.startif";}]]></hook_data>
      <hooks_source><![CDATA[<?php
/*
#####################################################
#        (TVC32) Log In As Member v2.1.1            #
#===================================================#
#                Author: Roc13x                     #
#            Copyright (C) 2011 TVC Inc             #
#             http://www.tvc-inc.net/                #
#####################################################
*/

class LogInAsMemberTemp
{
	public $registry;
	public $member;
	
	public function __construct()
	{
		$this->registry   = ipsRegistry::instance();
		$this->DB	    = $this->registry->DB();
		$this->settings =& $this->registry->fetchSettings();
		$this->request  =& $this->registry->fetchRequest();
		$this->member   = $this->registry->member();
		$this->memberData =& $this->registry->member()->fetchMemberData();
		$this->lang		=  $this->registry->getClass('class_localization');
		$this->cache	= $this->registry->cache();
		$this->caches   =& $this->registry->cache()->fetchCaches();
		$this->registry->getClass( 'class_localization' )->loadLanguageFile( array( 'public_profile' ), 'loginas' );
	}
	
	public function getOutput()
	{
		$member = IPSMember::load( intval( $this->request['id'] ), 'member_id,groups' );
		if ( $this->memberData['member_id'] != $member['member_id'] && $this->settings['loginas_enabled'] && !$this->memberData['_cache']['loginas_banned'] )
	    {
		    if ( in_array( $this->memberData['member_group_id'], explode( ",", $this->settings['loginas_groups'] ) ) && !in_array( $member['member_group_id'], explode( ",", $this->settings['loginas_protected'] ) ) )
		    {
				    return $this->registry->output->getTemplate('loginas')->logInAsMember( $member );
            }  	
        }
    }
}
?>]]></hooks_source>
    </file>
  </hookfiles>
  <hookextras_settings/>
  <hookextras_language/>
  <hookextras_modules/>
  <hookextras_help/>
  <hookextras_templates/>
  <hookextras_css/>
  <hookextras_tasks/>
  <hookextras_database_create/>
  <hookextras_database_alter/>
  <hookextras_database_update/>
  <hookextras_database_insert/>
</hookexport>
