<?xml version="1.0" encoding="utf-8"?>
<hookexport>
  <hookdata>
    <config>
      <hook_name>Profile Statistics Tab</hook_name>
      <hook_desc>This modification add a new tab to your profile, showing some interesting statistics of your posting. Such number of posts per forum, per hour and your total number of posts/votes/topics/polls.</hook_desc>
      <hook_author>Invision Modding</hook_author>
      <hook_email/>
      <hook_website>http://www.invisionmodding.com</hook_website>
      <hook_update_check>http://www.invisionmodding.com/mod_check/updatecheck.php?mod=im_statsTab</hook_update_check>
      <hook_requirements><![CDATA[a:4:{s:20:"hook_ipb_version_min";i:32000;s:20:"hook_ipb_version_max";i:0;s:20:"hook_php_version_min";s:1:"0";s:20:"hook_php_version_max";s:1:"0";}]]></hook_requirements>
      <hook_version_human>1.1.0</hook_version_human>
      <hook_version_long>11000</hook_version_long>
      <hook_extra_data><![CDATA[a:6:{s:7:"display";a:3:{s:8:"language";s:478:"From members_public_profile: statsTab_general_stats, statsTab_neg_reps, statsTab_polls, statsTab_popularBoards-posts, statsTab_popularBoards-topics, statsTab_popularBoards-total, statsTab_popular_board_by_posts, statsTab_postByTime-posts, statsTab_postByTime-topics, statsTab_postByTime-total, statsTab_posts_per_hours, statsTab_pos_reps, statsTab_rep_given, statsTab_time_of_day, statsTab_topics, statsTab_total_polls, statsTab_total_topics, statsTab_votes, statsTab_vote_casts, pp_tab_statsTab";s:8:"settings";s:38:"Setting groups: Profile Statistics Tab";s:9:"templates";s:53:"From skin_profile: tabStatistics, tabStatisticsLoadJS";}s:13:"settingGroups";a:1:{s:0:"";s:2:"45";}s:8:"settings";a:0:{}s:8:"language";a:1:{s:22:"members_public_profile";a:19:{s:0:"";s:22:"statsTab_general_stats";i:1;s:17:"statsTab_neg_reps";i:2;s:14:"statsTab_polls";i:3;s:28:"statsTab_popularBoards-posts";i:4;s:29:"statsTab_popularBoards-topics";i:5;s:28:"statsTab_popularBoards-total";i:6;s:31:"statsTab_popular_board_by_posts";i:7;s:25:"statsTab_postByTime-posts";i:8;s:26:"statsTab_postByTime-topics";i:9;s:25:"statsTab_postByTime-total";i:10;s:24:"statsTab_posts_per_hours";i:11;s:17:"statsTab_pos_reps";i:12;s:18:"statsTab_rep_given";i:13;s:20:"statsTab_time_of_day";i:14;s:15:"statsTab_topics";i:15;s:20:"statsTab_total_polls";i:16;s:21:"statsTab_total_topics";i:17;s:14:"statsTab_votes";i:18;s:19:"statsTab_vote_casts";}}s:9:"templates";a:1:{s:12:"skin_profile";a:2:{s:0:"";s:13:"tabStatistics";i:1;s:19:"tabStatisticsLoadJS";}}s:8:"database";a:0:{}}]]></hook_extra_data>
      <hook_key>im_statsTab</hook_key>
    </config>
  </hookdata>
  <hookfiles>
    <file>
      <hook_file_real>statisticsTab.php</hook_file_real>
      <hook_type>templateHooks</hook_type>
      <hook_classname>statisticsTab</hook_classname>
      <hook_data><![CDATA[a:8:{s:12:"dataLocation";s:0:"";s:14:"libApplication";s:0:"";s:15:"classToOverload";s:0:"";s:9:"skinGroup";s:12:"skin_profile";s:12:"skinFunction";s:13:"profileModern";s:4:"type";s:7:"foreach";s:2:"id";s:4:"tabs";s:8:"position";s:9:"outer.pre";}]]></hook_data>
      <hooks_source><![CDATA[<?php

class statisticsTab
{	
	public function __construct()
	{
		$this->registry 	=  ipsRegistry::instance();
	}
	
	public function getOutput()
	{
		return $this->registry->getClass( 'output' )->getTemplate( 'profile' )->tabStatisticsLoadJS();
	}
}]]></hooks_source>
    </file>
  </hookfiles>
  <hookextras_settings>
    <setting>
      <conf_is_title>1</conf_is_title>
      <conf_title_title>Profile Statistics Tab</conf_title_title>
      <conf_title_desc><![CDATA[Settings for "Profile Statistics Tab"]]></conf_title_desc>
      <conf_title_noshow>0</conf_title_noshow>
      <conf_title_keyword>im_statsTab</conf_title_keyword>
      <conf_title_app>members</conf_title_app>
      <conf_title_tab>Hooks</conf_title_tab>
    </setting>
    <setting>
      <conf_id>447</conf_id>
      <conf_title>Group Access</conf_title>
      <conf_description>Select the groups that are allowed to use this profile tab</conf_description>
      <conf_group>45</conf_group>
      <conf_type>multi</conf_type>
      <conf_key>im_statsTab_group_access</conf_key>
      <conf_value/>
      <conf_default/>
      <conf_extra>#show_groups#</conf_extra>
      <conf_evalphp><![CDATA[if ( $save == 1)
{
	if ( is_array($_POST['im_statsTab_group_access']) )
	{
		$_POST['im_statsTab_group_access'] = implode(",",$_POST['im_statsTab_group_access']);
	}
	else
	{
		$_POST['im_statsTab_group_access'] = "";
	}
	
	$key = 'im_statsTab_group_access';
}

if ( $show == 1 )
{
    $key = 'im_statsTab_group_access[]';
}]]></conf_evalphp>
      <conf_protected>1</conf_protected>
      <conf_position>1</conf_position>
      <conf_start_group/>
      <conf_add_cache>1</conf_add_cache>
      <conf_keywords/>
      <conf_title_keyword>im_statsTab</conf_title_keyword>
      <conf_is_title>0</conf_is_title>
    </setting>
  </hookextras_settings>
  <hookextras_language>
    <language>
      <word_app>members</word_app>
      <word_pack>public_profile</word_pack>
      <word_key>statsTab_rep_given</word_key>
      <word_default>Reputation Given:</word_default>
      <word_custom/>
      <word_js>0</word_js>
    </language>
    <language>
      <word_app>members</word_app>
      <word_pack>public_profile</word_pack>
      <word_key>statsTab_pos_reps</word_key>
      <word_default>positive points</word_default>
      <word_custom/>
      <word_js>0</word_js>
    </language>
    <language>
      <word_app>members</word_app>
      <word_pack>public_profile</word_pack>
      <word_key>statsTab_neg_reps</word_key>
      <word_default>negative points</word_default>
      <word_custom/>
      <word_js>0</word_js>
    </language>
    <language>
      <word_app>members</word_app>
      <word_pack>public_profile</word_pack>
      <word_key>statsTab_vote_casts</word_key>
      <word_default>Number of Votes Cast:</word_default>
      <word_custom/>
      <word_js>0</word_js>
    </language>
    <language>
      <word_app>members</word_app>
      <word_pack>public_profile</word_pack>
      <word_key>statsTab_votes</word_key>
      <word_default>votes</word_default>
      <word_custom/>
      <word_js>0</word_js>
    </language>
    <language>
      <word_app>members</word_app>
      <word_pack>public_profile</word_pack>
      <word_key>statsTab_topics</word_key>
      <word_default>topics</word_default>
      <word_custom/>
      <word_js>0</word_js>
    </language>
    <language>
      <word_app>members</word_app>
      <word_pack>public_profile</word_pack>
      <word_key>statsTab_total_polls</word_key>
      <word_default>Number of Polls Created:</word_default>
      <word_custom/>
      <word_js>0</word_js>
    </language>
    <language>
      <word_app>members</word_app>
      <word_pack>public_profile</word_pack>
      <word_key>statsTab_total_topics</word_key>
      <word_default>Total Topics Started:</word_default>
      <word_custom/>
      <word_js>0</word_js>
    </language>
    <language>
      <word_app>members</word_app>
      <word_pack>public_profile</word_pack>
      <word_key>statsTab_posts_per_hours</word_key>
      <word_default>Posting Activity By Time</word_default>
      <word_custom/>
      <word_js>0</word_js>
    </language>
    <language>
      <word_app>members</word_app>
      <word_pack>public_profile</word_pack>
      <word_key>statsTab_time_of_day</word_key>
      <word_default>Time of Day</word_default>
      <word_custom/>
      <word_js>0</word_js>
    </language>
    <language>
      <word_app>members</word_app>
      <word_pack>public_profile</word_pack>
      <word_key>statsTab_postByTime-total</word_key>
      <word_default>Total</word_default>
      <word_custom/>
      <word_js>0</word_js>
    </language>
    <language>
      <word_app>members</word_app>
      <word_pack>public_profile</word_pack>
      <word_key>statsTab_popular_board_by_posts</word_key>
      <word_default>Most Popular Boards By Posts</word_default>
      <word_custom/>
      <word_js>0</word_js>
    </language>
    <language>
      <word_app>members</word_app>
      <word_pack>public_profile</word_pack>
      <word_key>statsTab_postByTime-posts</word_key>
      <word_default>Posts made</word_default>
      <word_custom/>
      <word_js>0</word_js>
    </language>
    <language>
      <word_app>members</word_app>
      <word_pack>public_profile</word_pack>
      <word_key>statsTab_postByTime-topics</word_key>
      <word_default>Topics started</word_default>
      <word_custom/>
      <word_js>0</word_js>
    </language>
    <language>
      <word_app>members</word_app>
      <word_pack>public_profile</word_pack>
      <word_key>statsTab_popularBoards-total</word_key>
      <word_default>Total</word_default>
      <word_custom/>
      <word_js>0</word_js>
    </language>
    <language>
      <word_app>members</word_app>
      <word_pack>public_profile</word_pack>
      <word_key>statsTab_polls</word_key>
      <word_default>polls</word_default>
      <word_custom/>
      <word_js>0</word_js>
    </language>
    <language>
      <word_app>members</word_app>
      <word_pack>public_profile</word_pack>
      <word_key>statsTab_popularBoards-posts</word_key>
      <word_default>Posts made</word_default>
      <word_custom/>
      <word_js>0</word_js>
    </language>
    <language>
      <word_app>members</word_app>
      <word_pack>public_profile</word_pack>
      <word_key>statsTab_popularBoards-topics</word_key>
      <word_default>Topics started</word_default>
      <word_custom/>
      <word_js>0</word_js>
    </language>
    <language>
      <word_app>members</word_app>
      <word_pack>public_profile</word_pack>
      <word_key>statsTab_general_stats</word_key>
      <word_default>General Statistics</word_default>
      <word_custom/>
      <word_js>0</word_js>
    </language>
    <language>
      <word_app>members</word_app>
      <word_pack>public_profile</word_pack>
      <word_key>pp_tab_statsTab</word_key>
      <word_default>Stats</word_default>
      <word_custom/>
      <word_js>0</word_js>
    </language>
  </hookextras_language>
  <hookextras_modules/>
  <hookextras_help/>
  <hookextras_templates>
    <templates>
      <template_set_id>0</template_set_id>
      <template_group>skin_profile</template_group>
      <template_content><![CDATA[<ips:template parameters="$content, $member" />
<style type="text/css">
#statstab {
}
	#statstab h4 {
		font-size: 1.05em;
		font-weight: normal;
		padding: 6px 0 0 6px;
	}
	
	#statstab .post_body {
		margin-left: 0;
	}

	#statstab .ipsList_data .row_title {
		width: 200px;
	}
</style>
<div id='statstab'>
	<div class='ipsLayout_content'>
		<div class='general_box clearfix'>
			<h3>{$this->lang->words['statsTab_general_stats']}</h3>
			<br />
			<ul class='ipsList_data clearfix'>
				<li>
					<span class='row_title'>{$this->lang->words['statsTab_total_topics']}</span>
					<span class='row_data'>{$content['numTopics']} {$this->lang->words['statsTab_topics']}</span>
				</li>
				<li>
					<span class='row_title'>{$this->lang->words['statsTab_total_polls']}</span>
					<span class='row_data'>{$content['numPolls']} {$this->lang->words['statsTab_polls']}</span>
				</li>
				<li>
					<span class='row_title'>{$this->lang->words['statsTab_vote_casts']}</span>
					<span class='row_data'>{$content['numVotes']} {$this->lang->words['statsTab_votes']}</span>
				</li>
				<if test="$this->settings['reputation_enabled']">
					<li>
						<span class='row_title'>{$this->lang->words['statsTab_rep_given']}</span>
						<span class='row_data'>{$content['repPos']} {$this->lang->words['statsTab_pos_reps']}</span>
					</li>
					<if test="in_array( $this->settings['reputation_point_types'], array( 'negative', 'both' ) )">
						<li>
							<span class='row_title'>&nbsp;</span>
							<span class='row_data'>{$content['repNeg']} {$this->lang->words['statsTab_neg_reps']}</span>
						</li>
					</if>
				</if>
			</ul>
			<br />
		</div>
		<div class='general_box clearfix'>
			<h3>{$this->lang->words['statsTab_posts_per_hours']}</h3>
			<br />
			<div>
				<div id="chart_poststats" style="height: 400px; margin: auto; padding: 2px"></div>
				<div id="chart_poststats_data" style="display:none;">{$content['postsByHour']}</div>
			</div>
		</div>
		<div class='general_box clearfix'>
			<h3>{$this->lang->words['statsTab_popular_board_by_posts']}</h3>
			<br />
			<div>
				<div id="chart_popularBoards" style="height: 500px; margin: auto;"></div>
				<div id="chart_popularBoards_data" style="display:none;">{$content['popularBoards']}</div>
			</div>
		</div>
	</div>
</div>

<script type='text/javascript'>
	<if test="IPS_IS_AJAX == TRUE">
		ipb.statisticsTab.initCharts();
	<else />
		Event.observe(window, 'load', ipb.statisticsTab.initCharts );
	</if>
</script>]]></template_content>
      <template_name>tabStatistics</template_name>
      <template_data>$content, $member</template_data>
      <template_updated>1296414398</template_updated>
      <template_removable>0</template_removable>
      <template_added_to>0</template_added_to>
      <template_user_added>0</template_user_added>
      <template_user_edited>0</template_user_edited>
      <template_master_key>root</template_master_key>
      <template_set_type/>
    </templates>
    <templates>
      <template_set_id>0</template_set_id>
      <template_group>skin_profile</template_group>
      <template_content><![CDATA[<script type="text/javascript" src="{$this->settings['public_dir']}js/3rd_party/highcharts/adapters/prototype-adapter.src.js"></script>
<script type="text/javascript" src="{$this->settings['public_dir']}js/3rd_party/highcharts/highcharts.js"></script>
<script type="text/javascript" src="{$this->settings['public_dir']}js/ips.statisticsTab.js"></script>
<script type='text/javascript'>
	ipb.lang['postByTime-topics'] = "{$this->lang->words['statsTab_postByTime-topics']}";
	ipb.lang['postByTime-posts'] = "{$this->lang->words['statsTab_postByTime-posts']}";
	ipb.lang['postByTime-total'] = "{$this->lang->words['statsTab_postByTime-total']}";
	ipb.lang['popularBoards-topics'] = "{$this->lang->words['statsTab_popularBoards-topics']}";
	ipb.lang['popularBoards-posts'] = "{$this->lang->words['statsTab_popularBoards-posts']}";
	ipb.lang['popularBoards-total'] = "{$this->lang->words['statsTab_popularBoards-total']}";
</script>]]></template_content>
      <template_name>tabStatisticsLoadJS</template_name>
      <template_data/>
      <template_updated>1296414398</template_updated>
      <template_removable>0</template_removable>
      <template_added_to>0</template_added_to>
      <template_user_added>0</template_user_added>
      <template_user_edited>0</template_user_edited>
      <template_master_key>root</template_master_key>
      <template_set_type/>
    </templates>
  </hookextras_templates>
  <hookextras_css/>
  <hookextras_tasks/>
  <hookextras_database_create/>
  <hookextras_database_alter/>
  <hookextras_database_update/>
  <hookextras_database_insert/>
</hookexport>
