<?xml version="1.0" encoding="utf-8"?>
<hookexport>
  <hookdata>
    <config>
      <hook_name>(DP32) Pages</hook_name>
      <hook_desc>Hook for an application.</hook_desc>
      <hook_author>DawPi</hook_author>
      <hook_email>biuro@ipslink.pl</hook_email>
      <hook_website>http://www.ipslink.pl</hook_website>
      <hook_update_check>http://www.ipslink.pl/checkHook.php?hookKey=dp3_cpa</hook_update_check>
      <hook_requirements><![CDATA[a:3:{s:21:"required_applications";a:2:{s:2:"cp";a:3:{s:8:"app_name";s:12:"(DP32) Pages";s:11:"min_version";i:2000;s:11:"max_version";i:0;}s:4:"core";a:3:{s:8:"app_name";s:6:"System";s:11:"min_version";i:32003;s:11:"max_version";i:0;}}s:20:"hook_php_version_min";s:0:"";s:20:"hook_php_version_max";s:0:"";}]]></hook_requirements>
      <hook_version_human>1.0.0</hook_version_human>
      <hook_version_long>1000</hook_version_long>
      <hook_extra_data/>
      <hook_key>dp3_cpa</hook_key>
      <hook_global_caches/>
    </config>
  </hookdata>
  <hookfiles>
    <file>
      <hook_file_real>dp3_cp_globalTemplateTemplateHook.php</hook_file_real>
      <hook_type>templateHooks</hook_type>
      <hook_classname>dp3_cp_globalTemplateTemplateHook</hook_classname>
      <hook_data><![CDATA[a:8:{s:12:"dataLocation";s:0:"";s:14:"libApplication";s:0:"";s:15:"classToOverload";s:0:"";s:9:"skinGroup";s:11:"skin_global";s:12:"skinFunction";s:14:"globalTemplate";s:4:"type";s:2:"if";s:2:"id";s:16:"applicationsloop";s:8:"position";s:10:"post.endif";}]]></hook_data>
      <hooks_source><![CDATA[<?php
      
//-----------------------------------------------
// (DP32) Pages
//-----------------------------------------------
//-----------------------------------------------
// Template Hook
//-----------------------------------------------
// Author: DawPi
// Site: http://www.ipslink.pl
// Written on: 29 / 07 / 2011
//-----------------------------------------------
// Copyright (C) 2011 DawPi
// All Rights Reserved
//-----------------------------------------------     

class dp3_cp_globalTemplateTemplateHook
{
	public $registry;	
				
	public function __construct()
	{
		$this->registry   = ipsRegistry::instance();
		$this->DB	    = $this->registry->DB();
		$this->settings =& $this->registry->fetchSettings();
		$this->request  =& $this->registry->fetchRequest();
		$this->member   = $this->registry->member();
		$this->memberData =& $this->registry->member()->fetchMemberData();
		$this->lang		=  $this->registry->getClass('class_localization');
		$this->cache	= $this->registry->cache();
		$this->caches   =& $this->registry->cache()->fetchCaches();	
	}
	
	
	public function getOutput()
	{		
		/* Load lib */
				
		$classToLoad = IPSLib::loadLibrary( IPSLib::getAppDir( 'cp' ) . '/sources/classes/library.php', 'cpLibrary', 'cp' );
		$this->cpLibrary = new $classToLoad( $this->registry );
		
		/* Check access */
		
		if( ! $this->cpLibrary->checkAccess() )
		{
			return '';		
		}
		
		/* Get pages cache */
		
		$_pages = $this->cache->getCache( 'cp_pages' );
		
		/* Any active page? */
		
		foreach( $_pages as $page )
		{
			if( $page['cp_active'] && $page['cp_show_in_top'] )
			{
				if ( in_array( $this->memberData['member_group_id'], explode(',', $page['cp_groups'] ) ) )
				{
					$page['cp_title_seo'] 		= IPSText::makeSeoTitle( $page['cp_title'] );
					$pages[ $page['cp_id'] ] 	= $page; 	
				}	
			}
		}
		
		/* Any page? */
		
		if( ! is_array( $pages ) || ! count( $pages ) )
		{
			return '';
		}
													
		/* Return data */

		return $this->registry->output->getTemplate( 'cp' )->showMenu( $pages );
	}
} //End of class]]></hooks_source>
    </file>
  </hookfiles>
  <hookextras_settings/>
  <hookextras_language/>
  <hookextras_modules/>
  <hookextras_help/>
  <hookextras_templates/>
  <hookextras_css/>
  <hookextras_tasks/>
  <hookextras_database_create/>
  <hookextras_database_alter/>
  <hookextras_database_update/>
  <hookextras_database_insert/>
</hookexport>
