<?xml version="1.0" encoding="utf-8"?>
<hookexport>
  <hookdata>
    <config>
      <hook_name>(DP32) Similar Topics</hook_name>
      <hook_desc>Show similar topics in topic view.</hook_desc>
      <hook_author>DawPi</hook_author>
      <hook_email>biuro@ipslink.pl</hook_email>
      <hook_website>http://www.ipslink.pl</hook_website>
      <hook_update_check>http://www.ipslink.pl/checkHook.php?hookKey=dp3_st</hook_update_check>
      <hook_requirements><![CDATA[a:4:{s:20:"hook_ipb_version_min";i:30011;s:20:"hook_ipb_version_max";i:0;s:20:"hook_php_version_min";s:1:"0";s:20:"hook_php_version_max";s:1:"0";}]]></hook_requirements>
      <hook_version_human>1.0.2</hook_version_human>
      <hook_version_long>1020</hook_version_long>
      <hook_extra_data><![CDATA[a:5:{s:13:"settingGroups";a:1:{s:0:"";s:2:"72";}s:8:"settings";a:0:{}s:7:"display";a:3:{s:8:"settings";s:37:"Setting groups: (DP32) Similar Topics";s:8:"language";s:56:"From public_topic: dp3_st_col, dp3_st_exp, dp3_st_header";s:9:"templates";s:37:"From skin_topic: hookdp3similarTopics";}s:8:"language";a:1:{s:12:"public_topic";a:3:{s:0:"";s:10:"dp3_st_col";i:1;s:10:"dp3_st_exp";i:2;s:13:"dp3_st_header";}}s:9:"templates";a:1:{s:10:"skin_topic";a:1:{s:0:"";s:20:"hookdp3similarTopics";}}}]]></hook_extra_data>
      <hook_key>dp3_st</hook_key>
    </config>
  </hookdata>
  <hookfiles>
    <file>
      <hook_file_real>dp3similarTopicsBelow.php</hook_file_real>
      <hook_type>templateHooks</hook_type>
      <hook_classname>dp3similarTopicsBelow</hook_classname>
      <hook_data><![CDATA[a:6:{s:15:"classToOverload";s:0:"";s:9:"skinGroup";s:10:"skin_topic";s:12:"skinFunction";s:17:"topicViewTemplate";s:4:"type";s:2:"if";s:2:"id";s:9:"fastReply";s:8:"position";s:10:"post.endif";}]]></hook_data>
      <hooks_source><![CDATA[<?php
      
//-----------------------------------------------
// (DP32) Similar Topics
//-----------------------------------------------
//-----------------------------------------------
// Template Hook
//-----------------------------------------------
// Author: DawPi
// Site: http://www.ipslink.pl/
// Written on: 10 / 01 / 2010
//-----------------------------------------------
// Copyright (C) 2010 DawPi
// All Rights Reserved
//-----------------------------------------------     

class dp3similarTopicsBelow
{
	public $registry;	
	public $DB;
	public $memberData;	
			
	
	public function __construct()
	{
		$this->registry   = ipsRegistry::instance();
		$this->DB	    = $this->registry->DB();
		$this->settings =& $this->registry->fetchSettings();
		$this->request  =& $this->registry->fetchRequest();
		$this->member   = $this->registry->member();
		$this->memberData =& $this->registry->member()->fetchMemberData();
		$this->lang		=  $this->registry->getClass('class_localization');
		$this->cache	= $this->registry->cache();
		$this->caches   =& $this->registry->cache()->fetchCaches();			       		
	}
	

	public function getOutput()
	{		
		/* Load main class */
		
		require_once( IPSLib::getAppDir( 'forums' ) . '/sources/classes/dp3similarTopicsLib.php' );
		
		$this->lib = new dp3similarTopicsLib( $this->registry );
		
		return $this->lib->showSimilarTopics( 'bfr' );
	}
} // End of class]]></hooks_source>
    </file>
    <file>
      <hook_file_real>dp3similarTopicsAbove.php</hook_file_real>
      <hook_type>templateHooks</hook_type>
      <hook_classname>dp3similarTopicsAbove</hook_classname>
      <hook_data><![CDATA[a:6:{s:15:"classToOverload";s:0:"";s:9:"skinGroup";s:10:"skin_topic";s:12:"skinFunction";s:17:"topicViewTemplate";s:4:"type";s:2:"if";s:2:"id";s:9:"fastReply";s:8:"position";s:11:"pre.startif";}]]></hook_data>
      <hooks_source><![CDATA[<?php
      
//-----------------------------------------------
// (DP32) Similar Topics
//-----------------------------------------------
//-----------------------------------------------
// Template Hook
//-----------------------------------------------
// Author: DawPi
// Site: http://www.ipslink.pl/
// Written on: 10 / 01 / 2010
//-----------------------------------------------
// Copyright (C) 2010 DawPi
// All Rights Reserved
//-----------------------------------------------     

class dp3similarTopicsAbove
{
	public $registry;	
	public $DB;
	public $memberData;	
			
	
	public function __construct()
	{
		$this->registry   = ipsRegistry::instance();
		$this->DB	    = $this->registry->DB();
		$this->settings =& $this->registry->fetchSettings();
		$this->request  =& $this->registry->fetchRequest();
		$this->member   = $this->registry->member();
		$this->memberData =& $this->registry->member()->fetchMemberData();
		$this->lang		=  $this->registry->getClass('class_localization');
		$this->cache	= $this->registry->cache();
		$this->caches   =& $this->registry->cache()->fetchCaches();			       		
	}
	
	
	public function getOutput()
	{		
		/* Load main class */
		
		require_once( IPSLib::getAppDir( 'forums' ) . '/sources/classes/dp3similarTopicsLib.php' );
		
		$this->lib = new dp3similarTopicsLib( $this->registry );

		return $this->lib->showSimilarTopics( 'afr' );
	}
} // End of class]]></hooks_source>
    </file>
  </hookfiles>
  <hookextras_settings>
    <setting>
      <conf_is_title>1</conf_is_title>
      <conf_title_title>(DP32) Similar Topics</conf_title_title>
      <conf_title_desc>Show similar topics in topic view.</conf_title_desc>
      <conf_title_noshow>0</conf_title_noshow>
      <conf_title_keyword>dp3_st</conf_title_keyword>
      <conf_title_app>core</conf_title_app>
      <conf_title_tab>(DP3X) Mods</conf_title_tab>
    </setting>
    <setting>
      <conf_id>673</conf_id>
      <conf_title>Enable mod?</conf_title>
      <conf_description/>
      <conf_group>72</conf_group>
      <conf_type>yes_no</conf_type>
      <conf_key>dp3_st_enable</conf_key>
      <conf_value/>
      <conf_default>0</conf_default>
      <conf_extra/>
      <conf_evalphp/>
      <conf_protected>1</conf_protected>
      <conf_position>1</conf_position>
      <conf_start_group>Main Settings</conf_start_group>
      <conf_end_group>0</conf_end_group>
      <conf_add_cache>1</conf_add_cache>
      <conf_keywords/>
      <conf_title_keyword>dp3_st</conf_title_keyword>
      <conf_is_title>0</conf_is_title>
    </setting>
    <setting>
      <conf_id>674</conf_id>
      <conf_title>Groups</conf_title>
      <conf_description>Users from which groups can see similar topics?</conf_description>
      <conf_group>72</conf_group>
      <conf_type>multi</conf_type>
      <conf_key>dp3_st_groups</conf_key>
      <conf_value/>
      <conf_default/>
      <conf_extra>#show_groups#</conf_extra>
      <conf_evalphp><![CDATA[$key = 'dp3_st_groups';

if ( $save == 1)
{
    if ( is_array($_POST[ $key ]) )
    {
        $_POST[ $key ] = implode(",",$_POST[ $key ]);
    }
    else
    {
        $_POST[ $key ] = "";
    }
}
if ( $show == 1 )
{
    $key .= '[]';
}]]></conf_evalphp>
      <conf_protected>1</conf_protected>
      <conf_position>6</conf_position>
      <conf_start_group/>
      <conf_end_group>0</conf_end_group>
      <conf_add_cache>1</conf_add_cache>
      <conf_keywords/>
      <conf_title_keyword>dp3_st</conf_title_keyword>
      <conf_is_title>0</conf_is_title>
    </setting>
    <setting>
      <conf_id>675</conf_id>
      <conf_title>Forums</conf_title>
      <conf_description>In which forums you want to display similar topics?</conf_description>
      <conf_group>72</conf_group>
      <conf_type>multi</conf_type>
      <conf_key>dp3_st_forums</conf_key>
      <conf_value/>
      <conf_default/>
      <conf_extra>#show_forums#</conf_extra>
      <conf_evalphp><![CDATA[$key = 'dp3_st_forums';

if ( $save == 1)
{
    if ( is_array($_POST[ $key ]) )
    {
        $_POST[ $key ] = implode(",",$_POST[ $key ]);
    }
    else
    {
        $_POST[ $key ] = "";
    }
}
if ( $show == 1 )
{
    $key .= '[]';
}]]></conf_evalphp>
      <conf_protected>1</conf_protected>
      <conf_position>7</conf_position>
      <conf_start_group/>
      <conf_end_group>0</conf_end_group>
      <conf_add_cache>1</conf_add_cache>
      <conf_keywords/>
      <conf_title_keyword>dp3_st</conf_title_keyword>
      <conf_is_title>0</conf_is_title>
    </setting>
    <setting>
      <conf_id>676</conf_id>
      <conf_title>Items</conf_title>
      <conf_description>How many topics you want to show.</conf_description>
      <conf_group>72</conf_group>
      <conf_type>input</conf_type>
      <conf_key>dp3_st_items</conf_key>
      <conf_value/>
      <conf_default>5</conf_default>
      <conf_extra/>
      <conf_evalphp/>
      <conf_protected>1</conf_protected>
      <conf_position>5</conf_position>
      <conf_start_group/>
      <conf_end_group>0</conf_end_group>
      <conf_add_cache>1</conf_add_cache>
      <conf_keywords/>
      <conf_title_keyword>dp3_st</conf_title_keyword>
      <conf_is_title>0</conf_is_title>
    </setting>
    <setting>
      <conf_id>677</conf_id>
      <conf_title>No Results</conf_title>
      <conf_description>Do you want to show similar topic table while no results found?</conf_description>
      <conf_group>72</conf_group>
      <conf_type>yes_no</conf_type>
      <conf_key>dp3_st_showno</conf_key>
      <conf_value/>
      <conf_default>0</conf_default>
      <conf_extra/>
      <conf_evalphp/>
      <conf_protected>1</conf_protected>
      <conf_position>2</conf_position>
      <conf_start_group/>
      <conf_end_group>0</conf_end_group>
      <conf_add_cache>1</conf_add_cache>
      <conf_keywords/>
      <conf_title_keyword>dp3_st</conf_title_keyword>
      <conf_is_title>0</conf_is_title>
    </setting>
    <setting>
      <conf_id>678</conf_id>
      <conf_title>Search in Descriptions</conf_title>
      <conf_description>Do you want to include topic description in searching similar topics?</conf_description>
      <conf_group>72</conf_group>
      <conf_type>yes_no</conf_type>
      <conf_key>dp3_st_desc_also</conf_key>
      <conf_value/>
      <conf_default>1</conf_default>
      <conf_extra/>
      <conf_evalphp/>
      <conf_protected>1</conf_protected>
      <conf_position>10</conf_position>
      <conf_start_group/>
      <conf_end_group>0</conf_end_group>
      <conf_add_cache>1</conf_add_cache>
      <conf_keywords/>
      <conf_title_keyword>dp3_st</conf_title_keyword>
      <conf_is_title>0</conf_is_title>
    </setting>
    <setting>
      <conf_id>679</conf_id>
      <conf_title>Min. Keyword Length</conf_title>
      <conf_description/>
      <conf_group>72</conf_group>
      <conf_type>input</conf_type>
      <conf_key>dp3_st_min</conf_key>
      <conf_value/>
      <conf_default>3</conf_default>
      <conf_extra/>
      <conf_evalphp/>
      <conf_protected>1</conf_protected>
      <conf_position>9</conf_position>
      <conf_start_group/>
      <conf_end_group>0</conf_end_group>
      <conf_add_cache>1</conf_add_cache>
      <conf_keywords/>
      <conf_title_keyword>dp3_st</conf_title_keyword>
      <conf_is_title>0</conf_is_title>
    </setting>
    <setting>
      <conf_id>680</conf_id>
      <conf_title>Same Forum</conf_title>
      <conf_description>Do you want to search similar topics in the same forum as posted topic?</conf_description>
      <conf_group>72</conf_group>
      <conf_type>yes_no</conf_type>
      <conf_key>dp3_st_sameforum</conf_key>
      <conf_value/>
      <conf_default>0</conf_default>
      <conf_extra/>
      <conf_evalphp/>
      <conf_protected>1</conf_protected>
      <conf_position>8</conf_position>
      <conf_start_group>Search Settings</conf_start_group>
      <conf_end_group>0</conf_end_group>
      <conf_add_cache>1</conf_add_cache>
      <conf_keywords/>
      <conf_title_keyword>dp3_st</conf_title_keyword>
      <conf_is_title>0</conf_is_title>
    </setting>
    <setting>
      <conf_id>681</conf_id>
      <conf_title>Sort Type</conf_title>
      <conf_description>Choose the criteria you wish to sort search result by.</conf_description>
      <conf_group>72</conf_group>
      <conf_type>dropdown</conf_type>
      <conf_key>dp3_st_stype</conf_key>
      <conf_value/>
      <conf_default>lpost</conf_default>
      <conf_extra>rand=Random&#13;
lpost=Last Post&#13;
sdate=Start Topic Date</conf_extra>
      <conf_evalphp/>
      <conf_protected>1</conf_protected>
      <conf_position>11</conf_position>
      <conf_start_group/>
      <conf_end_group>0</conf_end_group>
      <conf_add_cache>1</conf_add_cache>
      <conf_keywords/>
      <conf_title_keyword>dp3_st</conf_title_keyword>
      <conf_is_title>0</conf_is_title>
    </setting>
    <setting>
      <conf_id>682</conf_id>
      <conf_title>Sort Order</conf_title>
      <conf_description>Choose the way of results sorting.</conf_description>
      <conf_group>72</conf_group>
      <conf_type>dropdown</conf_type>
      <conf_key>dp3_st_sorder</conf_key>
      <conf_value/>
      <conf_default>desc</conf_default>
      <conf_extra>asc=Ascending ( a-z )&#13;
desc=Descending( z-a )</conf_extra>
      <conf_evalphp/>
      <conf_protected>1</conf_protected>
      <conf_position>12</conf_position>
      <conf_start_group/>
      <conf_end_group>0</conf_end_group>
      <conf_add_cache>1</conf_add_cache>
      <conf_keywords/>
      <conf_title_keyword>dp3_st</conf_title_keyword>
      <conf_is_title>0</conf_is_title>
    </setting>
    <setting>
      <conf_id>683</conf_id>
      <conf_title>Keywords</conf_title>
      <conf_description><![CDATA[Add keywords you wish to exclude from search results.<br /><br />Separate by <strong>comma</strong>.]]></conf_description>
      <conf_group>72</conf_group>
      <conf_type>textarea</conf_type>
      <conf_key>dp3_st_excluded</conf_key>
      <conf_value/>
      <conf_default/>
      <conf_extra/>
      <conf_evalphp/>
      <conf_protected>1</conf_protected>
      <conf_position>14</conf_position>
      <conf_start_group/>
      <conf_end_group>0</conf_end_group>
      <conf_add_cache>1</conf_add_cache>
      <conf_keywords/>
      <conf_title_keyword>dp3_st</conf_title_keyword>
      <conf_is_title>0</conf_is_title>
    </setting>
    <setting>
      <conf_id>684</conf_id>
      <conf_title>Enable Exclude List</conf_title>
      <conf_description>Do you want to remove excluded keywords from search similar topics result?</conf_description>
      <conf_group>72</conf_group>
      <conf_type>yes_no</conf_type>
      <conf_key>dp3_st_excl_enable</conf_key>
      <conf_value/>
      <conf_default>0</conf_default>
      <conf_extra/>
      <conf_evalphp/>
      <conf_protected>1</conf_protected>
      <conf_position>13</conf_position>
      <conf_start_group>Exclude System</conf_start_group>
      <conf_end_group>0</conf_end_group>
      <conf_add_cache>1</conf_add_cache>
      <conf_keywords/>
      <conf_title_keyword>dp3_st</conf_title_keyword>
      <conf_is_title>0</conf_is_title>
    </setting>
    <setting>
      <conf_id>694</conf_id>
      <conf_title>Name Format</conf_title>
      <conf_description>Do you want to format member names with group colors?</conf_description>
      <conf_group>72</conf_group>
      <conf_type>yes_no</conf_type>
      <conf_key>dp3_st_format</conf_key>
      <conf_value/>
      <conf_default>1</conf_default>
      <conf_extra/>
      <conf_evalphp/>
      <conf_protected>1</conf_protected>
      <conf_position>3</conf_position>
      <conf_start_group/>
      <conf_end_group>0</conf_end_group>
      <conf_add_cache>1</conf_add_cache>
      <conf_keywords/>
      <conf_title_keyword>dp3_st</conf_title_keyword>
      <conf_is_title>0</conf_is_title>
    </setting>
    <setting>
      <conf_id>695</conf_id>
      <conf_title>Location</conf_title>
      <conf_description>Where you want to put similar topics tab?</conf_description>
      <conf_group>72</conf_group>
      <conf_type>dropdown</conf_type>
      <conf_key>dp3_st_location</conf_key>
      <conf_value/>
      <conf_default>afr</conf_default>
      <conf_extra>afr=Above Fast Reply&#13;
bfr=Below Fast Reply</conf_extra>
      <conf_evalphp/>
      <conf_protected>1</conf_protected>
      <conf_position>4</conf_position>
      <conf_start_group/>
      <conf_end_group>0</conf_end_group>
      <conf_add_cache>1</conf_add_cache>
      <conf_keywords/>
      <conf_title_keyword>dp3_st</conf_title_keyword>
      <conf_is_title>0</conf_is_title>
    </setting>
  </hookextras_settings>
  <hookextras_language>
    <language>
      <word_app>forums</word_app>
      <word_pack>public_topic</word_pack>
      <word_key>dp3_st_header</word_key>
      <word_default>Similar Topics</word_default>
      <word_custom/>
      <word_js>0</word_js>
    </language>
    <language>
      <word_app>forums</word_app>
      <word_pack>public_topic</word_pack>
      <word_key>dp3_st_exp</word_key>
      <word_default>Expand</word_default>
      <word_custom/>
      <word_js>0</word_js>
    </language>
    <language>
      <word_app>forums</word_app>
      <word_pack>public_topic</word_pack>
      <word_key>dp3_st_col</word_key>
      <word_default>Collapse</word_default>
      <word_custom/>
      <word_js>0</word_js>
    </language>
  </hookextras_language>
  <hookextras_modules/>
  <hookextras_help/>
  <hookextras_templates>
    <templates>
      <template_set_id>0</template_set_id>
      <template_group>skin_topic</template_group>
      <template_content><![CDATA[<script type='text/javascript'>
	function toggleSimilar()
	{
		if ( $('sim_body').hasClassName('collapsedSim') )
		{
			$('sim_body').removeClassName('collapsedSim'); new Effect.BlindDown( $( $('sim_body') ) ); ipb.Cookie.set( 'dp3similartopics', 0, 1 ); $('sim_expand').hide(); $('sim_collapse').show();
		}
		else
		{ 
			$('sim_body').addClassName('collapsedSim'); new Effect.BlindUp( $( $('sim_body') ) ); ipb.Cookie.set( 'dp3similartopics', 1, 1 ); $('sim_expand').show(); $('sim_collapse').hide();
		}
	}
</script>		
<br />
		<h3 id='similartopics' class='maintitle'>{$this->lang->words['dp3_st_header']} <span id='sim_expand' style='float:right; width:25px;display: <if test="$toggle == 'collapsed'">inline<else />none</if>;'><a href='javascript:toggleSimilar()' title='{$this->lang->words['dp3_st_exp']}' ><img src='{$this->settings['img_url']}/cat_maximize.png' alt='{$this->lang->words['dp3_st_exp']}' /></a></span> 
				<span id='sim_collapse' style='float:right;width:25px;display: <if test="$toggle == 'collapsed'">none<else />inline</if>;'> <a href='javascript:toggleSimilar()' title='{$this->lang->words['dp3_st_col']}' ><img src='{$this->settings['img_url']}/cat_minimize.png' alt='{$this->lang->words['dp3_st_col']}' /></a> </span></h3>	
<div id="sim_body"<if test="$toggle == 'collapsed'"> class='collapsedSim' style='display: none;'</if>>	
<div class='ipsBox'>
	<div class='ipsBox_container'>
			<table class='ipb_table topic_list hover_rows' id='forum_table'>					
			<tr class='header'>
				<th scope='col' class='col_f_icon'>&nbsp;</th>
				<th scope='col' class='col_f_topic'>{$this->lang->words['forum_topic']}</th>
				<th scope='col' class='col_f_starter short'>{$this->lang->words['cat_name']}</th>				
				<th scope='col' class='col_f_starter short'>{$this->lang->words['forum_started_by']}</th>
				<th scope='col' class='col_f_views stats'>{$this->lang->words['forum_stats']}</th>
				<th scope='col' class='col_f_post'>{$this->lang->words['forum_last_post_info']}</th>
			</tr>	
			<!-- BEGIN TOPICS -->
			<if test="is_array( $topics_data ) AND count( $topics_data )">
				{parse striping="forumTable" classes="row1,row2"}
				<foreach loop="topics:$topics_data as $tid => $data">
					<if test="($this->memberData['is_mod'] AND ! $data['approved']) OR $data['_isDeleted']">
					<tr class='{parse striping="forumTable"} __topic expandable moderated' id='trow_{$data['tid']}' data-tid="{$data['tid']}">
					<else />
					<tr class='{parse striping="forumTable"} __topic <if test="!$data['folder_img']['is_read']">unread</if> expandable' id='trow_{$data['tid']}' data-tid="{$data['tid']}">
					</if>					
						<td class='short altrow'>
							{parse replacement="{$data['folder_img']}"}
						</td>						
						<td>
							<if test="$data['go_new_post'] === true"><a href='{parse url="showtopic={$data['tid']}&amp;view=getnewpost" template="showtopic" seotitle="{$data['title_seo']}" base="public"}' title='{$this->lang->words['first_unread_post']}'>{parse replacement="f_newpost"}</a>
							</if> 							
							<if test="$data['topic_hasattach']">
								<!-- SKINNOTE: This is the link for the attachments popup  -->
								<a href="{parse url="app=forums&amp;module=forums&amp;section=attach&amp;tid={$data['tid']}" base="public"}" title="{parse expression="intval($data['topic_hasattach'])"} {$this->lang->words['topic_attach']}" onclick="return ipb.forums.retrieveAttachments( {$data['tid']} );">{parse replacement="t_attach"}</a>
							</if>						
							<if test="$data['approved'] == 0">
								<span class='ipsBadge ipsBadge_orange'>{$this->lang->words['f_queued_badge']}</span>
							</if>
							<if test="!empty($data['tags']['formatted']['prefix'])">
								{$data['tags']['formatted']['prefix']}
							</if>												
							<h4>{$data['prefix']}<a id="tid-link-{$data['tid']}" href="{parse url="showtopic={$data['tid']}" base="public" template="showtopic" seotitle="{$data['title_seo']}"}" title='{$this->lang->words['topic_started_on']} {$data['start_date']}' class='topic_title'>{$data['title']}</a></h4>
							<br />
							<span class='desc lighter blend_links'>
								<if test="isset($data['tags']) AND $data['tags']">
									&nbsp; <img src='{$this->settings['img_url']}/icon_tag.png' /> {$data['tags']['formatted']['truncatedWithLinks']}
								</if>
							</span>
							
							{$data['_rate_img']}
							<if test="isset( $data['pages'] ) AND is_array( $data['pages'] ) AND count( $data['pages'] )">
								<ul class='mini_pagination'>
								<foreach loop="pages:$data['pages'] as $page">
										<if test="$page['last']">
											<li><a href="{parse url="showtopic={$data['tid']}&amp;st={$page['st']}" seotitle="{$data['title_seo']}" template="showtopic" base="public"}" title='{$this->lang->words['topic_goto_page']} {$page['page']}'>{$page['page']} &rarr;</a></li>
										<else />
											<li><a href="{parse url="showtopic={$data['tid']}&amp;st={$page['st']}" seotitle="{$data['title_seo']}" template="showtopic" base="public"}" title='{$this->lang->words['topic_goto_page']} {$page['page']}'>{$page['page']}</a></li>
										</if>
								</foreach>
								</ul>
							</if>
						<if test="$data['description']"><br /><span class='desc'>{$data['description']}</span></if>					
						</td>						
						<td>
						<a href='{parse url="showforum={$data['forum_id']}" base="public" seotitle="{$data['name_seo']}" template="showforum"}' title='{$this->lang->words['return_to']} {$data['forum_name']}'>{$data['forum_name']}</a>
						</td>											
						<td class='short altrow'>
							{$data['starter']}{parse template="user_popup" group="global" params="$data['starter_id'], $data['seo_first_name']"}
						</td>	
						<td class='col_f_views desc blend_links'>
							<ul>
								<li>{$data['posts']} <if test="intval($data['posts']) == 1">{$this->lang->words['reply']}<else />{$this->lang->words['replies']}</if></li>
					
								<li class='views desc'>{$data['views']} {$this->lang->words['views']}</li>
							</ul>
						</td>					
						<td class='col_f_post'>
							<a href='{parse url="showuser={$data['last_poster_id']}" seotitle="{$data['seo_last_name']}" template="showuser" base="public"}' class='ipsUserPhotoLink left'>
								<img src='{$data['pp_small_photo']}' class='ipsUserPhoto ipsUserPhoto_mini' />
							</a>						
							<ul class='last_post ipsType_small'>
								<li>
									<a href='{parse url="showtopic={$data['tid']}&amp;view=getlastpost" seotitle="{$data['title_seo']}" template="showtopic" base="public"}' title='{$this->lang->words['goto_last_post']}'>{parse replacement="f_lastpost"}</a> <a href='{parse url="showtopic={$data['tid']}&amp;view=getlastpost" seotitle="{$data['title_seo']}" template="showtopic" base="public"}' title='{$this->lang->words['goto_last_post']}'>{$data['last_post']}</a>
								</li>
								<li>{$this->lang->words['forum_by']} {$data['last_poster']}{parse template="user_popup" group="global" params="$data['last_poster_id'], $data['seo_last_name']"}</li>
							</ul>
						</td>
					</tr>
				</foreach>
			</if>	
		</table>
	</div>
</div>
</div>]]></template_content>
      <template_name>hookdp3similarTopics</template_name>
      <template_data>$topics_data, $toggle</template_data>
      <template_updated>1263225804</template_updated>
      <template_removable>0</template_removable>
      <template_added_to>0</template_added_to>
      <template_user_added>0</template_user_added>
      <template_user_edited>0</template_user_edited>
      <template_set_type>master_skin</template_set_type>
    </templates>
  </hookextras_templates>
  <hookextras_tasks/>
  <hookextras_database_create/>
  <hookextras_database_alter/>
  <hookextras_database_update/>
  <hookextras_database_insert/>
</hookexport>
