<?xml version="1.0" encoding="utf-8"?>
<hookexport>
  <hookdata>
    <config>
      <hook_name>Gallery Images</hook_name>
      <hook_desc>Displays gallery images on your board index</hook_desc>
      <hook_author>Invision Power Services, Inc</hook_author>
      <hook_email/>
      <hook_website>http://invisionpower.com</hook_website>
      <hook_update_check/>
      <hook_requirements><![CDATA[a:4:{s:20:"hook_ipb_version_min";i:3;s:20:"hook_ipb_version_max";i:0;s:20:"hook_php_version_min";s:0:"";s:20:"hook_php_version_max";s:0:"";}]]></hook_requirements>
      <hook_version_human>4.0.2</hook_version_human>
      <hook_version_long>40008</hook_version_long>
      <hook_extra_data><![CDATA[a:2:{s:7:"display";a:2:{s:8:"database";s:0:"";s:9:"templates";s:0:"";}s:8:"database";a:0:{}}]]></hook_extra_data>
      <hook_key>gallery_index</hook_key>
    </config>
  </hookdata>
  <hookfiles>
    <file>
      <hook_file_real>boardIndexGalleryImages.php</hook_file_real>
      <hook_type>templateHooks</hook_type>
      <hook_classname>boardIndexGalleryImages</hook_classname>
      <hook_data><![CDATA[a:7:{s:12:"dataLocation";s:0:"";s:15:"classToOverload";s:0:"";s:9:"skinGroup";s:11:"skin_boards";s:12:"skinFunction";s:18:"boardIndexTemplate";s:4:"type";s:7:"foreach";s:2:"id";s:10:"categories";s:8:"position";s:9:"outer.pre";}]]></hook_data>
      <hooks_source><![CDATA[<?php

class boardIndexGalleryImages
{
	public $registry;
	
	public function __construct()
	{
		$this->registry = ipsRegistry::instance();
	}
	
	public function getOutput()
	{
		$classToLoad = IPSLib::loadLibrary( IPSLib::getAppDir('gallery') . '/sources/classes/hooks.php', 'app_gallery_classes_hooks', 'gallery' );
		$hook = new $classToLoad( $this->registry );
		
		return $hook->hookBoardIndexRecentImages();
	}
}]]></hooks_source>
    </file>
  </hookfiles>
  <hookextras_settings/>
  <hookextras_language/>
  <hookextras_modules/>
  <hookextras_help/>
  <hookextras_templates/>
  <hookextras_css/>
  <hookextras_tasks/>
  <hookextras_database_create/>
  <hookextras_database_alter/>
  <hookextras_database_update/>
  <hookextras_database_insert/>
</hookexport>
