<?xml version="1.0" encoding="utf-8"?>
<settingexport>
  <settinggroup>
    <setting>
      <conf_is_title>1</conf_is_title>
      <conf_title_keyword>aw</conf_title_keyword>
      <conf_title_title>(M32) Auto Welcome Members</conf_title_title>
      <conf_title_desc>Settings for the Auto Welcome Members application.</conf_title_desc>
      <conf_title_tab>DevFuse</conf_title_tab>
      <conf_title_app>autowelcome</conf_title_app>
      <conf_title_noshow>0</conf_title_noshow>
    </setting>
    <setting>
      <conf_title>Enable Welcome PM</conf_title>
      <conf_description>Do you want to welcome new members with a personal message?</conf_description>
      <conf_group>42</conf_group>
      <conf_type>yes_no</conf_type>
      <conf_key>aw_enable_pm</conf_key>
      <conf_default>1</conf_default>
      <conf_extra/>
      <conf_evalphp/>
      <conf_protected>1</conf_protected>
      <conf_position>1</conf_position>
      <conf_start_group>PM Settings</conf_start_group>
      <conf_add_cache>1</conf_add_cache>
      <conf_keywords/>
      <conf_title_keyword>aw</conf_title_keyword>
      <conf_is_title>0</conf_is_title>
    </setting>
    <setting>
      <conf_title>Welcome PM Subject</conf_title>
      <conf_description>The subject of the welcome personal message?</conf_description>
      <conf_group>42</conf_group>
      <conf_type>input</conf_type>
      <conf_key>aw_pm_subject</conf_key>
      <conf_default>Welcome %member_name% to %board_name%</conf_default>
      <conf_extra/>
      <conf_evalphp/>
      <conf_protected>1</conf_protected>
      <conf_position>2</conf_position>
      <conf_start_group/>
      <conf_add_cache>1</conf_add_cache>
      <conf_keywords/>
      <conf_title_keyword>aw</conf_title_keyword>
      <conf_is_title>0</conf_is_title>
    </setting>
    <setting>
      <conf_title>Welcome PM Author Id</conf_title>
      <conf_description><![CDATA[What is the <b>member id</b> of the welcome pm author? Your member id is: <b>%your_id%</b>.]]></conf_description>
      <conf_group>42</conf_group>
      <conf_type>input</conf_type>
      <conf_key>aw_pm_from</conf_key>
      <conf_default>1</conf_default>
      <conf_extra/>
      <conf_evalphp><![CDATA[if($show == '1')
{
$r['conf_description'] = str_replace("%your_id%",$this->memberData['member_id'],$r['conf_description']);
}]]></conf_evalphp>
      <conf_protected>1</conf_protected>
      <conf_position>3</conf_position>
      <conf_start_group/>
      <conf_add_cache>1</conf_add_cache>
      <conf_keywords/>
      <conf_title_keyword>aw</conf_title_keyword>
      <conf_is_title>0</conf_is_title>
    </setting>
    <setting>
      <conf_title>Welcome PM Message</conf_title>
      <conf_description><![CDATA[What is your welcome PM message?
<br /><br />
<u>Quick Tags:</u>
<br /><b>%board_name%:</b> Board Name
<br /><b>%member_name%:</b> Display Name
<br /><b>%joined_date%:</b> Joined Date
<br /><b>%profile_link%:</b> Profile Link
<br /><b>%topic_link%:</b> Welcome Topic Link
<br /><b>%points%:</b> The number points awarded]]></conf_description>
      <conf_group>42</conf_group>
      <conf_type>editor</conf_type>
      <conf_key>aw_pm_message</conf_key>
      <conf_default><![CDATA[Hello %member_name%,  <br /> <br />Welcome to %board_name%. Please feel free to browse around and get to know others. If you have any questions please don't hesitate to ask.<br /> <br />You joined on the %joined_date%.<br /> <br />%topic_link%]]></conf_default>
      <conf_extra/>
      <conf_evalphp/>
      <conf_protected>1</conf_protected>
      <conf_position>4</conf_position>
      <conf_start_group/>
      <conf_add_cache>1</conf_add_cache>
      <conf_keywords/>
      <conf_title_keyword>aw</conf_title_keyword>
      <conf_is_title>0</conf_is_title>
    </setting>
    <setting>
      <conf_title>Enable Welcome Email</conf_title>
      <conf_description>Do you want to welcome new members with an email?</conf_description>
      <conf_group>42</conf_group>
      <conf_type>yes_no</conf_type>
      <conf_key>aw_enable_email</conf_key>
      <conf_default>1</conf_default>
      <conf_extra/>
      <conf_evalphp/>
      <conf_protected>1</conf_protected>
      <conf_position>5</conf_position>
      <conf_start_group>Email Settings</conf_start_group>
      <conf_add_cache>1</conf_add_cache>
      <conf_keywords/>
      <conf_title_keyword>aw</conf_title_keyword>
      <conf_is_title>0</conf_is_title>
    </setting>
    <setting>
      <conf_title>Welcome Email Subject</conf_title>
      <conf_description>The subject of the welcome email?</conf_description>
      <conf_group>42</conf_group>
      <conf_type>input</conf_type>
      <conf_key>aw_email_subject</conf_key>
      <conf_default>Welcome %member_name% to %board_name%</conf_default>
      <conf_extra/>
      <conf_evalphp/>
      <conf_protected>1</conf_protected>
      <conf_position>6</conf_position>
      <conf_start_group/>
      <conf_add_cache>1</conf_add_cache>
      <conf_keywords/>
      <conf_title_keyword>aw</conf_title_keyword>
      <conf_is_title>0</conf_is_title>
    </setting>
    <setting>
      <conf_title>Welcome Email From</conf_title>
      <conf_description><![CDATA[Who will appear as the sender of the welcome email? Enter <b>%board_email%</b> to use the default outgoing email address of the board, which is: <b>%your_board_email%</b>]]></conf_description>
      <conf_group>42</conf_group>
      <conf_type>input</conf_type>
      <conf_key>aw_email_from</conf_key>
      <conf_default>%board_email%</conf_default>
      <conf_extra/>
      <conf_evalphp><![CDATA[if($show == '1')
{
$r['conf_description'] = str_replace("%your_board_email%",$this->ipsclass->vars['email_out'],$r['conf_description']);
}]]></conf_evalphp>
      <conf_protected>1</conf_protected>
      <conf_position>7</conf_position>
      <conf_start_group/>
      <conf_add_cache>1</conf_add_cache>
      <conf_keywords/>
      <conf_title_keyword>aw</conf_title_keyword>
      <conf_is_title>0</conf_is_title>
    </setting>
    <setting>
      <conf_title>Welcome Email Message</conf_title>
      <conf_description><![CDATA[Enter your welcome email message.
<br /><br />
<u>Quick Tags:</u>
<br /><b>%board_name%:</b> Board Name
<br /><b>%member_name%:</b> Display Name
<br /><b>%joined_date%:</b> Joined Date
<br /><b>%profile_link%:</b> Profile Link
<br /><b>%topic_link%:</b> Welcome Topic Link
<br /><b>%points%:</b> The number points awarded]]></conf_description>
      <conf_group>42</conf_group>
      <conf_type>textarea</conf_type>
      <conf_key>aw_email_message</conf_key>
      <conf_default><![CDATA[Hello %member_name%,

Thank you for registering at %board_name%. 
Please feel free to browse around and get to know others. If you have any questions please don't hesitate to ask.

%board_name%]]></conf_default>
      <conf_extra/>
      <conf_evalphp/>
      <conf_protected>1</conf_protected>
      <conf_position>8</conf_position>
      <conf_start_group/>
      <conf_add_cache>1</conf_add_cache>
      <conf_keywords/>
      <conf_title_keyword>aw</conf_title_keyword>
      <conf_is_title>0</conf_is_title>
    </setting>
    <setting>
      <conf_title>Enable Welcome Topic</conf_title>
      <conf_description>Do you want to welcome new members with a topic?</conf_description>
      <conf_group>42</conf_group>
      <conf_type>yes_no</conf_type>
      <conf_key>aw_enable_topic</conf_key>
      <conf_default>1</conf_default>
      <conf_extra/>
      <conf_evalphp/>
      <conf_protected>1</conf_protected>
      <conf_position>9</conf_position>
      <conf_start_group>Topic Settings</conf_start_group>
      <conf_add_cache>1</conf_add_cache>
      <conf_keywords/>
      <conf_title_keyword>aw</conf_title_keyword>
      <conf_is_title>0</conf_is_title>
    </setting>
    <setting>
      <conf_title>Pin Welcome Topics?</conf_title>
      <conf_description>Do you want to pin newly created welcome topics?</conf_description>
      <conf_group>42</conf_group>
      <conf_type>yes_no</conf_type>
      <conf_key>aw_pin_topics</conf_key>
      <conf_default>0</conf_default>
      <conf_extra/>
      <conf_evalphp/>
      <conf_protected>1</conf_protected>
      <conf_position>10</conf_position>
      <conf_start_group/>
      <conf_add_cache>1</conf_add_cache>
      <conf_keywords/>
      <conf_title_keyword>aw</conf_title_keyword>
      <conf_is_title>0</conf_is_title>
    </setting>
    <setting>
      <conf_title>Close Welcome Topics?</conf_title>
      <conf_description>Do you want to close newly created welcome topics?</conf_description>
      <conf_group>42</conf_group>
      <conf_type>yes_no</conf_type>
      <conf_key>aw_close_topics</conf_key>
      <conf_default>0</conf_default>
      <conf_extra/>
      <conf_evalphp/>
      <conf_protected>1</conf_protected>
      <conf_position>11</conf_position>
      <conf_start_group/>
      <conf_add_cache>1</conf_add_cache>
      <conf_keywords/>
      <conf_title_keyword>aw</conf_title_keyword>
      <conf_is_title>0</conf_is_title>
    </setting>
    <setting>
      <conf_title>Welcome Topic Author Id</conf_title>
      <conf_description><![CDATA[What is the <b>member id</b> of the welcome topic author? Your member id is: <b>%your_id%</b>.<br />Enter <b>0</b> to use member registering as topic author.]]></conf_description>
      <conf_group>42</conf_group>
      <conf_type>input</conf_type>
      <conf_key>aw_topic_author</conf_key>
      <conf_default>1</conf_default>
      <conf_extra/>
      <conf_evalphp><![CDATA[if($show == '1')
{
$r['conf_description'] = str_replace("%your_id%",$this->memberData['member_id'],$r['conf_description']);
}]]></conf_evalphp>
      <conf_protected>1</conf_protected>
      <conf_position>12</conf_position>
      <conf_start_group/>
      <conf_add_cache>1</conf_add_cache>
      <conf_keywords/>
      <conf_title_keyword>aw</conf_title_keyword>
      <conf_is_title>0</conf_is_title>
    </setting>
    <setting>
      <conf_title>Welcome Topic Title</conf_title>
      <conf_description>The title of the welcome topic?</conf_description>
      <conf_group>42</conf_group>
      <conf_type>input</conf_type>
      <conf_key>aw_topic_title</conf_key>
      <conf_default>Welcome To %board_name%: %member_name%</conf_default>
      <conf_extra/>
      <conf_evalphp/>
      <conf_protected>1</conf_protected>
      <conf_position>13</conf_position>
      <conf_start_group/>
      <conf_add_cache>1</conf_add_cache>
      <conf_keywords/>
      <conf_title_keyword>aw</conf_title_keyword>
      <conf_is_title>0</conf_is_title>
    </setting>
    <setting>
      <conf_title>Welcome Topic Forum</conf_title>
      <conf_description>Which forum to you want to place new welcome topics in?</conf_description>
      <conf_group>42</conf_group>
      <conf_type>dropdown</conf_type>
      <conf_key>aw_topic_forum</conf_key>
      <conf_default/>
      <conf_extra>#show_forums#</conf_extra>
      <conf_evalphp/>
      <conf_protected>1</conf_protected>
      <conf_position>14</conf_position>
      <conf_start_group/>
      <conf_add_cache>1</conf_add_cache>
      <conf_keywords/>
      <conf_title_keyword>aw</conf_title_keyword>
      <conf_is_title>0</conf_is_title>
    </setting>
    <setting>
      <conf_title>Welcome Topic Message</conf_title>
      <conf_description><![CDATA[Enter the contents of new welcome topics.
<br /><br />
<u>Quick Tags:</u>
<br /><b>%board_name%:</b> Board Name
<br /><b>%member_name%:</b> Display Name
<br /><b>%joined_date%:</b> Joined Date
<br /><b>%profile_link%:</b> Profile Link
<br /><b>%points%:</b> The number points awarded]]></conf_description>
      <conf_group>42</conf_group>
      <conf_type>editor</conf_type>
      <conf_key>aw_topic_message</conf_key>
      <conf_default><![CDATA[Hello %member_name%,  <br /> <br />Welcome to %board_name%. Please feel free to browse around and get to know others. If you have any questions please don't hesitate to ask.<br /> <br />%member_name% joined on the %joined_date%.<br /> <br />%profile_link%]]></conf_default>
      <conf_extra/>
      <conf_evalphp/>
      <conf_protected>1</conf_protected>
      <conf_position>15</conf_position>
      <conf_start_group/>
      <conf_add_cache>1</conf_add_cache>
      <conf_keywords/>
      <conf_title_keyword>aw</conf_title_keyword>
      <conf_is_title>0</conf_is_title>
    </setting>
    <setting>
      <conf_title>Profile Comments</conf_title>
      <conf_description>Do you want to add a comment to newly registered members profiles?</conf_description>
      <conf_group>42</conf_group>
      <conf_type>yes_no</conf_type>
      <conf_key>aw_profile_comments</conf_key>
      <conf_default>0</conf_default>
      <conf_extra/>
      <conf_evalphp/>
      <conf_protected>1</conf_protected>
      <conf_position>16</conf_position>
      <conf_start_group>Profile Comments</conf_start_group>
      <conf_add_cache>1</conf_add_cache>
      <conf_keywords/>
      <conf_title_keyword>aw</conf_title_keyword>
      <conf_is_title>0</conf_is_title>
    </setting>
    <setting>
      <conf_title>Comment Author Id</conf_title>
      <conf_description><![CDATA[What is the <b>member id</b> of the comment author? Your member id is: <b>%your_id%</b>.]]></conf_description>
      <conf_group>42</conf_group>
      <conf_type>input</conf_type>
      <conf_key>aw_comment_author</conf_key>
      <conf_default>1</conf_default>
      <conf_extra/>
      <conf_evalphp><![CDATA[if($show == '1')
{
$r['conf_description'] = str_replace("%your_id%",$this->memberData['member_id'],$r['conf_description']);
}]]></conf_evalphp>
      <conf_protected>1</conf_protected>
      <conf_position>17</conf_position>
      <conf_start_group/>
      <conf_add_cache>1</conf_add_cache>
      <conf_keywords/>
      <conf_title_keyword>aw</conf_title_keyword>
      <conf_is_title>0</conf_is_title>
    </setting>
    <setting>
      <conf_title>Comment Message</conf_title>
      <conf_description><![CDATA[Enter the contents of profile comments message?
<br /><br />
<u>Quick Tags:</u>
<br /><b>%board_name%:</b> Board Name
<br /><b>%member_name%:</b> Display Name
<br /><b>%joined_date%:</b> Joined Date
<br /><b>%profile_link%:</b> Profile Link
<br /><b>%points%:</b> The number points awarded]]></conf_description>
      <conf_group>42</conf_group>
      <conf_type>textarea</conf_type>
      <conf_key>aw_comment_message</conf_key>
      <conf_default>Welcome to the forums %member_name% :)</conf_default>
      <conf_extra/>
      <conf_evalphp/>
      <conf_protected>1</conf_protected>
      <conf_position>18</conf_position>
      <conf_start_group/>
      <conf_add_cache>1</conf_add_cache>
      <conf_keywords/>
      <conf_title_keyword>aw</conf_title_keyword>
      <conf_is_title>0</conf_is_title>
    </setting>
    <setting>
      <conf_title>Shoutbox Welcome Message</conf_title>
      <conf_description>Do you want to add a welcome message to the shoutbox for newly registered members?</conf_description>
      <conf_group>42</conf_group>
      <conf_type>yes_no</conf_type>
      <conf_key>aw_shoutbox</conf_key>
      <conf_default>0</conf_default>
      <conf_extra/>
      <conf_evalphp/>
      <conf_protected>1</conf_protected>
      <conf_position>19</conf_position>
      <conf_start_group>Shoutbox Settings</conf_start_group>
      <conf_add_cache>1</conf_add_cache>
      <conf_keywords/>
      <conf_title_keyword>aw</conf_title_keyword>
      <conf_is_title>0</conf_is_title>
    </setting>
    <setting>
      <conf_title>Shoutbox Author Id</conf_title>
      <conf_description><![CDATA[What is the <b>member id</b> of the shoutbox welcome author? Your member id is: <b>%your_id%</b>.]]></conf_description>
      <conf_group>42</conf_group>
      <conf_type>input</conf_type>
      <conf_key>aw_shoutbox_author</conf_key>
      <conf_default>1</conf_default>
      <conf_extra/>
      <conf_evalphp><![CDATA[if($show == '1')
{
$r['conf_description'] = str_replace("%your_id%",$this->memberData['member_id'],$r['conf_description']);
}]]></conf_evalphp>
      <conf_protected>1</conf_protected>
      <conf_position>20</conf_position>
      <conf_start_group/>
      <conf_add_cache>1</conf_add_cache>
      <conf_keywords/>
      <conf_title_keyword>aw</conf_title_keyword>
      <conf_is_title>0</conf_is_title>
    </setting>
    <setting>
      <conf_title>Shoutbox Message</conf_title>
      <conf_description><![CDATA[Enter the contents of the shoutbox welcome message?
<br /><br />
<u>Quick Tags:</u>
<br /><b>%board_name%:</b> Board Name
<br /><b>%member_name%:</b> Display Name
<br /><b>%joined_date%:</b> Joined Date
<br /><b>%profile_link%:</b> Profile Link
<br /><b>%points%:</b> The number points awarded]]></conf_description>
      <conf_group>42</conf_group>
      <conf_type>textarea</conf_type>
      <conf_key>aw_shoutbox_message</conf_key>
      <conf_default>Welcome to the forums %member_name% :)</conf_default>
      <conf_extra/>
      <conf_evalphp/>
      <conf_protected>1</conf_protected>
      <conf_position>21</conf_position>
      <conf_start_group/>
      <conf_add_cache>1</conf_add_cache>
      <conf_keywords/>
      <conf_title_keyword>aw</conf_title_keyword>
      <conf_is_title>0</conf_is_title>
    </setting>
    <setting>
      <conf_title>Enable Points System</conf_title>
      <conf_description><![CDATA[Do you want to give points to newly registered members? Works with just about any Points System. <b>We do not support 3rd party mod errors!</b>]]></conf_description>
      <conf_group>42</conf_group>
      <conf_type>yes_no</conf_type>
      <conf_key>aw_enable_points</conf_key>
      <conf_default>0</conf_default>
      <conf_extra/>
      <conf_evalphp/>
      <conf_protected>1</conf_protected>
      <conf_position>22</conf_position>
      <conf_start_group>Points System</conf_start_group>
      <conf_add_cache>1</conf_add_cache>
      <conf_keywords/>
      <conf_title_keyword>aw</conf_title_keyword>
      <conf_is_title>0</conf_is_title>
    </setting>
    <setting>
      <conf_title>Data Source Column</conf_title>
      <conf_description>Enter the source column from the members table, that your points system uses.</conf_description>
      <conf_group>42</conf_group>
      <conf_type>input</conf_type>
      <conf_key>aw_points_field</conf_key>
      <conf_default>points</conf_default>
      <conf_extra/>
      <conf_evalphp/>
      <conf_protected>1</conf_protected>
      <conf_position>23</conf_position>
      <conf_start_group/>
      <conf_add_cache>1</conf_add_cache>
      <conf_keywords/>
      <conf_title_keyword>aw</conf_title_keyword>
      <conf_is_title>0</conf_is_title>
    </setting>
    <setting>
      <conf_title>Points Factor</conf_title>
      <conf_description>How many points do newly registered memebrs receive?</conf_description>
      <conf_group>42</conf_group>
      <conf_type>input</conf_type>
      <conf_key>aw_points_factor</conf_key>
      <conf_default>200</conf_default>
      <conf_extra/>
      <conf_evalphp/>
      <conf_protected>1</conf_protected>
      <conf_position>24</conf_position>
      <conf_start_group/>
      <conf_add_cache>1</conf_add_cache>
      <conf_keywords/>
      <conf_title_keyword>aw</conf_title_keyword>
      <conf_is_title>0</conf_is_title>
    </setting>
  </settinggroup>
</settingexport>
