<?xml version="1.0" encoding="utf-8"?>
<languageexport>
  <languagegroup>
    <lang>
      <word_app>autowelcome</word_app>
      <word_pack>public_awm</word_pack>
      <word_key>view_members_profile</word_key>
      <word_default><![CDATA[View %MEMBER_NAME%&#39;s Profile]]></word_default>
      <word_custom/>
      <word_default_version>30007</word_default_version>
      <word_custom_version/>
      <word_js>0</word_js>
    </lang>
    <lang>
      <word_app>autowelcome</word_app>
      <word_pack>public_awm</word_pack>
      <word_key>view_welcome_topic</word_key>
      <word_default>View Welcome Topic</word_default>
      <word_custom/>
      <word_default_version>30007</word_default_version>
      <word_custom_version/>
      <word_js>0</word_js>
    </lang>
  </languagegroup>
</languageexport>
