<?xml version="1.0" encoding="utf-8"?>
<languageexport>
  <languagegroup>
    <lang>
      <word_app>cp</word_app>
      <word_pack>admin_cp</word_pack>
      <word_key>are_you_sure_to_remove</word_key>
      <word_default>Are you sure you want to delete this page?</word_default>
    </lang>
    <lang>
      <word_app>cp</word_app>
      <word_pack>admin_cp</word_pack>
      <word_key>display_settings</word_key>
      <word_default>Display Settings</word_default>
    </lang>
    <lang>
      <word_app>cp</word_app>
      <word_pack>admin_cp</word_pack>
      <word_key>successtoggled</word_key>
      <word_default>Active status was successfully changed!</word_default>
    </lang>
    <lang>
      <word_app>cp</word_app>
      <word_pack>admin_cp</word_pack>
      <word_key>adminLogSuccessDelete</word_key>
      <word_default>Removed page with ID = </word_default>
    </lang>
    <lang>
      <word_app>cp</word_app>
      <word_pack>admin_cp</word_pack>
      <word_key>adminSuccessDelete</word_key>
      <word_default>Successfully deleted page with ID = </word_default>
    </lang>
    <lang>
      <word_app>cp</word_app>
      <word_pack>admin_cp</word_pack>
      <word_key>adminSuccessAdd</word_key>
      <word_default>Page was successfully added!</word_default>
    </lang>
    <lang>
      <word_app>cp</word_app>
      <word_pack>admin_cp</word_pack>
      <word_key>adminSuccessEdit</word_key>
      <word_default>Page was successfully edited!</word_default>
    </lang>
    <lang>
      <word_app>cp</word_app>
      <word_pack>admin_cp</word_pack>
      <word_key>adminSuccessDeleteAll</word_key>
      <word_default>Successfully removed all pages from Custom Pages</word_default>
    </lang>
    <lang>
      <word_app>cp</word_app>
      <word_pack>admin_cp</word_pack>
      <word_key>edit</word_key>
      <word_default>Edit </word_default>
    </lang>
    <lang>
      <word_app>cp</word_app>
      <word_pack>admin_cp</word_pack>
      <word_key>id</word_key>
      <word_default>#ID</word_default>
    </lang>
    <lang>
      <word_app>cp</word_app>
      <word_pack>admin_cp</word_pack>
      <word_key>add</word_key>
      <word_default>Add </word_default>
    </lang>
    <lang>
      <word_app>cp</word_app>
      <word_pack>admin_cp</word_pack>
      <word_key>remove</word_key>
      <word_default>Remove </word_default>
    </lang>
    <lang>
      <word_app>cp</word_app>
      <word_pack>admin_cp</word_pack>
      <word_key>pages</word_key>
      <word_default>Pages</word_default>
    </lang>
    <lang>
      <word_app>cp</word_app>
      <word_pack>admin_cp</word_pack>
      <word_key>page</word_key>
      <word_default>Page</word_default>
    </lang>
    <lang>
      <word_app>cp</word_app>
      <word_pack>admin_cp</word_pack>
      <word_key>toggle</word_key>
      <word_default>Toggle activity</word_default>
    </lang>
    <lang>
      <word_app>cp</word_app>
      <word_pack>admin_cp</word_pack>
      <word_key>pageOverview</word_key>
      <word_default>Pages Overview</word_default>
    </lang>
    <lang>
      <word_app>cp</word_app>
      <word_pack>admin_cp</word_pack>
      <word_key>pageDesc</word_key>
      <word_default>Page Description</word_default>
    </lang>
    <lang>
      <word_app>cp</word_app>
      <word_pack>admin_cp</word_pack>
      <word_key>removeAll</word_key>
      <word_default>Remove ALL pages</word_default>
    </lang>
    <lang>
      <word_app>cp</word_app>
      <word_pack>admin_cp</word_pack>
      <word_key>addNew</word_key>
      <word_default>Add Page</word_default>
    </lang>
    <lang>
      <word_app>cp</word_app>
      <word_pack>admin_cp</word_pack>
      <word_key>pageActive</word_key>
      <word_default>Active?</word_default>
    </lang>
    <lang>
      <word_app>cp</word_app>
      <word_pack>admin_cp</word_pack>
      <word_key>pageTitle</word_key>
      <word_default>Page Title</word_default>
    </lang>
    <lang>
      <word_app>cp</word_app>
      <word_pack>admin_cp</word_pack>
      <word_key>dateAdded</word_key>
      <word_default>Date Added</word_default>
    </lang>
    <lang>
      <word_app>cp</word_app>
      <word_pack>admin_cp</word_pack>
      <word_key>dateUpdated</word_key>
      <word_default>Date Updated</word_default>
    </lang>
    <lang>
      <word_app>cp</word_app>
      <word_pack>admin_cp</word_pack>
      <word_key>options</word_key>
      <word_default>Options</word_default>
    </lang>
    <lang>
      <word_app>cp</word_app>
      <word_pack>admin_cp</word_pack>
      <word_key>settings</word_key>
      <word_default>Main Settings</word_default>
    </lang>
    <lang>
      <word_app>cp</word_app>
      <word_pack>admin_cp</word_pack>
      <word_key>noPages3</word_key>
      <word_default>add</word_default>
    </lang>
    <lang>
      <word_app>cp</word_app>
      <word_pack>admin_cp</word_pack>
      <word_key>noPages2</word_key>
      <word_default>Would like to</word_default>
    </lang>
    <lang>
      <word_app>cp</word_app>
      <word_pack>admin_cp</word_pack>
      <word_key>noPages1</word_key>
      <word_default>No Pages</word_default>
    </lang>
    <lang>
      <word_app>cp</word_app>
      <word_pack>admin_cp</word_pack>
      <word_key>noPages4</word_key>
      <word_default>the first page?</word_default>
    </lang>
    <lang>
      <word_app>cp</word_app>
      <word_pack>admin_cp</word_pack>
      <word_key>seePage</word_key>
      <word_default>Show Page</word_default>
    </lang>
    <lang>
      <word_app>cp</word_app>
      <word_pack>admin_cp</word_pack>
      <word_key>pageTxt</word_key>
      <word_default>Page Body</word_default>
    </lang>
    <lang>
      <word_app>cp</word_app>
      <word_pack>admin_cp</word_pack>
      <word_key>allowedGroups</word_key>
      <word_default>Groups</word_default>
    </lang>
    <lang>
      <word_app>cp</word_app>
      <word_pack>admin_cp</word_pack>
      <word_key>allowedGroupsDesc</word_key>
      <word_default>Choose groups which may view this page.</word_default>
    </lang>
    <lang>
      <word_app>cp</word_app>
      <word_pack>admin_cp</word_pack>
      <word_key>addNewPageDo</word_key>
      <word_default>Adding New Page</word_default>
    </lang>
    <lang>
      <word_app>cp</word_app>
      <word_pack>admin_cp</word_pack>
      <word_key>editPageDo</word_key>
      <word_default>Editing page</word_default>
    </lang>
    <lang>
      <word_app>cp</word_app>
      <word_pack>admin_cp</word_pack>
      <word_key>addNewPageDoDesc</word_key>
      <word_default>Add New Page</word_default>
    </lang>
    <lang>
      <word_app>cp</word_app>
      <word_pack>admin_cp</word_pack>
      <word_key>editPageDoDesc</word_key>
      <word_default>Edit Page</word_default>
    </lang>
    <lang>
      <word_app>cp</word_app>
      <word_pack>admin_cp</word_pack>
      <word_key>errorNoId</word_key>
      <word_default>Wrong ID. Please try again.</word_default>
    </lang>
    <lang>
      <word_app>cp</word_app>
      <word_pack>admin_cp</word_pack>
      <word_key>errorNoPage</word_key>
      <word_default>There is no page with this ID</word_default>
    </lang>
    <lang>
      <word_app>cp</word_app>
      <word_pack>admin_cp</word_pack>
      <word_key>errorNoTitle</word_key>
      <word_default><![CDATA[You didn't enter page title]]></word_default>
    </lang>
    <lang>
      <word_app>cp</word_app>
      <word_pack>admin_cp</word_pack>
      <word_key>errorNoTxt</word_key>
      <word_default><![CDATA[You didn't enter page body]]></word_default>
    </lang>
    <lang>
      <word_app>cp</word_app>
      <word_pack>admin_cp</word_pack>
      <word_key>position</word_key>
      <word_default>Position</word_default>
    </lang>
    <lang>
      <word_app>cp</word_app>
      <word_pack>admin_cp</word_pack>
      <word_key>allow_bbcode</word_key>
      <word_default>Allow BBCode?</word_default>
    </lang>
    <lang>
      <word_app>cp</word_app>
      <word_pack>admin_cp</word_pack>
      <word_key>button__reload</word_key>
      <word_default><![CDATA[Save & Reload]]></word_default>
    </lang>
    <lang>
      <word_app>cp</word_app>
      <word_pack>admin_cp</word_pack>
      <word_key>meta_settings</word_key>
      <word_default>Meta Tags Settings</word_default>
    </lang>
    <lang>
      <word_app>cp</word_app>
      <word_pack>admin_cp</word_pack>
      <word_key>allow_html</word_key>
      <word_default>Allow HTML?</word_default>
    </lang>
    <lang>
      <word_app>cp</word_app>
      <word_pack>admin_cp</word_pack>
      <word_key>savepage</word_key>
      <word_default>Save Page</word_default>
    </lang>
    <lang>
      <word_app>cp</word_app>
      <word_pack>admin_cp</word_pack>
      <word_key>meta_keywords</word_key>
      <word_default>Keywords</word_default>
    </lang>
    <lang>
      <word_app>cp</word_app>
      <word_pack>admin_cp</word_pack>
      <word_key>update_pages_cache</word_key>
      <word_default>Update Pages Cache</word_default>
    </lang>  
    <lang>
      <word_app>cp</word_app>
      <word_pack>admin_cp</word_pack>
      <word_key>success_cache_updated</word_key>
      <word_default>Cache updated successfully.</word_default>
    </lang>	
    <lang>
      <word_app>cp</word_app>
      <word_pack>admin_cp</word_pack>
      <word_key>header_display</word_key>
      <word_default>Add to Header</word_default>
    </lang>  	
    <lang>
      <word_app>cp</word_app>
      <word_pack>admin_cp</word_pack>
      <word_key>header_display_desc</word_key>
      <word_default>Do you want to display link to this table as tab in the top menu header?</word_default>
    </lang>  
    <lang>
      <word_app>cp</word_app>
      <word_pack>admin_cp</word_pack>
      <word_key>is_js_page</word_key>
      <word_default>JS Type</word_default>
    </lang>
    <lang>
      <word_app>cp</word_app>
      <word_pack>admin_cp</word_pack>
      <word_key>is_js_page_desc</word_key>
      <word_default>Content is sensual javascript type? If yes, enable this option.</word_default>
    </lang> 	 			  	  
    <lang>
      <word_app>cp</word_app>
      <word_pack>admin_cp</word_pack>
      <word_key>meta_desc</word_key>
      <word_default>Description</word_default>
    </lang>
    <lang>
      <word_app>cp</word_app>
      <word_pack>admin_menulang</word_pack>
      <word_key>menu__settings</word_key>
      <word_default>Settings</word_default>
    </lang>
    <lang>
      <word_app>cp</word_app>
      <word_pack>admin_menulang</word_pack>
      <word_key>menu__manage_pages</word_key>
      <word_default>Manage Pages</word_default>
    </lang>
    <lang>
      <word_app>cp</word_app>
      <word_pack>admin_menulang</word_pack>
      <word_key>menu__add_new_page</word_key>
      <word_default>Add Page</word_default>
    </lang>
  </languagegroup>
</languageexport>
