<?xml version="1.0" encoding="utf-8"?>
<templates application="cp" templategroups="a:1:{s:7:&quot;skin_cp&quot;;s:5:&quot;exact&quot;;}">
  <templategroup group="skin_cp">
    <template>
      <template_group>skin_cp</template_group>
      <template_content><![CDATA[<!--no data in this master skin-->]]></template_content>
      <template_name>showAllPages</template_name>
      <template_data>$pages, $pagination</template_data>
      <template_updated>1276612992</template_updated>
      <template_removable>0</template_removable>
      <template_user_added>0</template_user_added>
      <template_user_edited>0</template_user_edited>
      <template_master_key>root</template_master_key>
    </template>
    <template>
      <template_group>skin_cp</template_group>
      <template_content><![CDATA[<!--no data in this master skin-->]]></template_content>
      <template_name>showPage</template_name>
      <template_data>$page</template_data>
      <template_updated>1276612993</template_updated>
      <template_removable>0</template_removable>
      <template_user_added>0</template_user_added>
      <template_user_edited>0</template_user_edited>
      <template_master_key>root</template_master_key>
    </template>
  </templategroup>
</templates>
