<?xml version="1.0" encoding="utf-8"?>
<templates application="cp" templategroups="a:1:{s:7:&quot;skin_cp&quot;;s:5:&quot;exact&quot;;}">
  <templategroup group="skin_cp">
    <template>
      <template_group>skin_cp</template_group>
      <template_content><![CDATA[<div class="topic_controls">{$pagination}</div>
<br />
<h3 class='maintitle'>{$this->settings['dp30custompages_title']}</h3>
	<table class='ipb_table'>
		<tr class='header'>
			<th scope='col' class='col_c_forum'>{$this->lang->words['dp30custompages_name']}</th>
			<th scope='col'>{$this->lang->words['dp30custompages_added']}</th>
			<th scope='col'>{$this->lang->words['dp30custompages_updated']}</th>
		</tr>
		
		<if test="is_array( $pages ) AND count( $pages )">
			
			<foreach loop="$pages as $page">							
				<tr class='row1'>
				<td>
				<a href='{parse url="app=cp&amp;do=show&amp;pageId={$page[ 'cp_id' ]}" seotitle="{$page['cp_title_seo']}" template="dp3_cp_show_page" base="public"}' accesskey='s'>{$page['cp_title']}</a></td>
				<td>{$page['cp_dateadded']}</td>
				<td>{$page['cp_updated']}</td>
				</tr>
			</foreach>
		<else />
			<tr> <td class='row2' colspan='4' align='center'>{$this->lang->words['dp30custompages_error_nopages']}</td></tr>
		</if>						
		</table>]]></template_content>
      <template_name>showAllPages</template_name>
      <template_data>$pages, $pagination</template_data>
      <template_updated>1276612992</template_updated>
      <template_removable>0</template_removable>
      <template_user_added>0</template_user_added>
      <template_user_edited>0</template_user_edited>
      <template_master_key>root</template_master_key>
    </template>
    <template>
      <template_group>skin_cp</template_group>
      <template_content><![CDATA[<h3 class='maintitle'>{$page['cp_title']}</h3>
						<table class='ipb_table'">
						        <if test="$this->settings['dp30custompages_date_show']">
								<th scope='col' class='row2' align='right'>{$this->lang->words['dp30custompages_date_added']}{$page['cp_dateadded']} <if test="$page['cp_updated'] !='--'"><br /> {$this->lang->words['dp30custompages_date_updated']}{$page['cp_updated']}</if></th>
								</if>
								<tr> <td class='row2'>{$page['cp_text']}</td></tr>						
						</table>]]></template_content>
      <template_name>showPage</template_name>
      <template_data>$page</template_data>
      <template_updated>1276612993</template_updated>
      <template_removable>0</template_removable>
      <template_user_added>0</template_user_added>
      <template_user_edited>0</template_user_edited>
      <template_master_key>root</template_master_key>
    </template>
    
    <template>
      <template_group>skin_cp</template_group>
      <template_content><![CDATA[<if test="$this->request['pageId']">
<script type='text/javascript'>
 	$( 'nav_app_cp' ).removeClassName('left active');
	$( 'nav_app_cp' ).addClassName('left');
</script>
</if>
<foreach loop="$pages as $pageID => $page">
	<li id='nav_app__page_{$pageID}' class="left <if test="$this->request['pageId'] == $pageID">active</if>"><a href='{parse url="app=cp&amp;do=show&amp;pageId={$pageID}" seotitle="{$page['cp_title_seo']}" template="dp3_cp_show_page" base="public"}' title='{$page['cp_title']}'>{$page['cp_title']}</a></li>
</foreach>]]></template_content>
      <template_name>showMenu</template_name>
      <template_data>$pages</template_data>
      <template_updated>1276612993</template_updated>
      <template_removable>0</template_removable>
      <template_user_added>0</template_user_added>
      <template_user_edited>0</template_user_edited>
      <template_master_key>root</template_master_key>
    </template>    
  </templategroup>
</templates>
