<?xml version="1.0" encoding="utf-8"?>
<settingexport>
  <settinggroup>
    <setting>
      <conf_is_title>1</conf_is_title>
      <conf_title_keyword>cp</conf_title_keyword>
      <conf_title_title>(DP32) Pages</conf_title_title>
      <conf_title_desc>Settings for the Pages application.</conf_title_desc>
      <conf_title_tab>(DP3X) Mods</conf_title_tab>
      <conf_title_app>cp</conf_title_app>
      <conf_title_noshow>1</conf_title_noshow>
    </setting>
    <setting>
      <conf_title>Enable Mod</conf_title>
      <conf_description>Do you want to show Pages on your board?</conf_description>
      <conf_group>75</conf_group>
      <conf_type>yes_no</conf_type>
      <conf_key>custompages_enable</conf_key>
      <conf_default>063
	  </conf_default>
      <conf_extra/>
      <conf_evalphp/>
      <conf_protected>1</conf_protected>
      <conf_position>1</conf_position>
      <conf_start_group>Main Settings</conf_start_group>
      <conf_add_cache>1</conf_add_cache>
      <conf_keywords/>
      <conf_title_keyword>cp</conf_title_keyword>
      <conf_is_title>0</conf_is_title>
    </setting>
    <setting>
      <conf_title>Title</conf_title>
      <conf_description>Set title for the Pages app.</conf_description>
      <conf_group>75</conf_group>
      <conf_type>input</conf_type>
      <conf_key>dp30custompages_title</conf_key>
      <conf_default>Pages</conf_default>
      <conf_extra/>
      <conf_evalphp/>
      <conf_protected>1</conf_protected>
      <conf_position>1</conf_position>
      <conf_start_group/>
      <conf_add_cache>1</conf_add_cache>
      <conf_keywords/>
      <conf_title_keyword>cp</conf_title_keyword>
      <conf_is_title>0</conf_is_title>
    </setting>
    <setting>
      <conf_title>Display Pages List</conf_title>
      <conf_description>Do you want allow users to be able to display pages list? If not then they must know directly link to the pages to read them.</conf_description>
      <conf_group>75</conf_group>
      <conf_type>yes_no</conf_type>
      <conf_key>dp3_cp_read_all</conf_key>
      <conf_default>1</conf_default>
      <conf_extra/>
      <conf_evalphp/>
      <conf_protected>1</conf_protected>
      <conf_position>2</conf_position>
      <conf_start_group/>
      <conf_add_cache>1</conf_add_cache>
      <conf_keywords/>
      <conf_title_keyword>cp</conf_title_keyword>
      <conf_is_title>0</conf_is_title>
    </setting>
    <setting>
      <conf_title>Show date added and updated in page view?</conf_title>
      <conf_description/>
      <conf_group>75</conf_group>
      <conf_type>yes_no</conf_type>
      <conf_key>dp30custompages_date_show</conf_key>
      <conf_default>0</conf_default>
      <conf_extra/>
      <conf_evalphp/>
      <conf_protected>1</conf_protected>
      <conf_position>3</conf_position>
      <conf_start_group/>
      <conf_add_cache>1</conf_add_cache>
      <conf_keywords/>
      <conf_title_keyword>cp</conf_title_keyword>
      <conf_is_title>0</conf_is_title>
    </setting>
    <setting>
      <conf_title>Groups</conf_title>
      <conf_description>Choose which groups can see pages</conf_description>
      <conf_group>75</conf_group>
      <conf_type>multi</conf_type>
      <conf_key>dp30custompages_groups</conf_key>
      <conf_default/>
      <conf_extra>#show_groups#</conf_extra>
      <conf_evalphp><![CDATA[$key = 'dp30custompages_groups';

if ( $save == 1)
{
    if ( is_array($_POST[ $key ]) )
    {
        $_POST[ $key ] = implode(",",$_POST[ $key ]);
    }
    else
    {
        $_POST[ $key ] = "";
    }
}
if ( $show == 1 )
{
    $key .= '[]';
}]]></conf_evalphp>
      <conf_protected>1</conf_protected>
      <conf_position>4</conf_position>
      <conf_start_group>Groups Management</conf_start_group>
      <conf_add_cache>1</conf_add_cache>
      <conf_keywords/>
      <conf_title_keyword>cp</conf_title_keyword>
      <conf_is_title>0</conf_is_title>
    </setting>
    <setting>
      <conf_title>Off-line Access</conf_title>
      <conf_description>Choose which groups can access to this aplication when it will be off-line.</conf_description>
      <conf_group>75</conf_group>
      <conf_type>multi</conf_type>
      <conf_key>dp30custompages_groups_exclude</conf_key>
      <conf_default/>
      <conf_extra>#show_groups#</conf_extra>
      <conf_evalphp><![CDATA[$key = 'dp30custompages_groups_exclude';

if ( $save == 1)
{
    if ( is_array($_POST[ $key ]) )
    {
        $_POST[ $key ] = implode(",",$_POST[ $key ]);
    }
    else
    {
        $_POST[ $key ] = "";
    }
}
if ( $show == 1 )
{
    $key .= '[]';
}]]></conf_evalphp>
      <conf_protected>1</conf_protected>
      <conf_position>4</conf_position>
      <conf_start_group/>
      <conf_add_cache>1</conf_add_cache>
      <conf_keywords/>
      <conf_title_keyword>cp</conf_title_keyword>
      <conf_is_title>0</conf_is_title>
    </setting>
    <setting>
      <conf_title>Items</conf_title>
      <conf_description>How many items show per displaying page (pagination).</conf_description>
      <conf_group>75</conf_group>
      <conf_type>input</conf_type>
      <conf_key>dp30custompages_items</conf_key>
      <conf_default>10</conf_default>
      <conf_extra/>
      <conf_evalphp/>
      <conf_protected>1</conf_protected>
      <conf_position>5</conf_position>
      <conf_start_group/>
      <conf_add_cache>1</conf_add_cache>
      <conf_keywords/>
      <conf_title_keyword>cp</conf_title_keyword>
      <conf_is_title>0</conf_is_title>
    </setting>
  </settinggroup>
</settingexport>
