<?xml version="1.0" encoding="utf-8"?>
<information>
  <data>
    <name>(DP32) Pages</name>
    <public_name>Custom Pages</public_name>
    <hide_tab>0</hide_tab>
    <author>DawPi</author>
    <description/>
    <disabledatinstall>0</disabledatinstall>
    <global_caches>cp_pages</global_caches>
    <website>http://ipslink.pl</website>
    <update_check>http://www.ipslink.pl/checkHook.php?appKey=cp</update_check>
    <templategroups>
        <template match="exact">skin_cp</template>
    </templategroups>
  </data>
</information>
