<?xml version="1.0" encoding="utf-8"?>
<languageexport>
  <languagegroup>
    <lang>
      <word_app>cp</word_app>
      <word_pack>public_cp</word_pack>
      <word_key>dp30custompages_error_noactive</word_key>
      <word_default>This page is NOT active.</word_default>
    </lang>
    <lang>
      <word_app>cp</word_app>
      <word_pack>public_cp</word_pack>
      <word_key>dp30custompages_error_noperm</word_key>
      <word_default><![CDATA[You don't have permissions to view this page]]></word_default>
    </lang>
    <lang>
      <word_app>cp</word_app>
      <word_pack>public_cp</word_pack>
      <word_key>dp30custompages_name</word_key>
      <word_default>Page Name</word_default>
    </lang>
    <lang>
      <word_app>cp</word_app>
      <word_pack>public_cp</word_pack>
      <word_key>dp30custompages_error_noexist</word_key>
      <word_default><![CDATA[In our database we didn't find page with this ID.]]></word_default>
    </lang>
    <lang>
      <word_app>cp</word_app>
      <word_pack>public_cp</word_pack>
      <word_key>dp30custompages_id</word_key>
      <word_default>#ID</word_default>
    </lang>
    <lang>
      <word_app>cp</word_app>
      <word_pack>public_cp</word_pack>
      <word_key>dp30custompages_updated</word_key>
      <word_default>Date updated</word_default>
    </lang>
    <lang>
      <word_app>cp</word_app>
      <word_pack>public_cp</word_pack>
      <word_key>dp30custompages_added</word_key>
      <word_default>Date added</word_default>
    </lang>
    <lang>
      <word_app>cp</word_app>
      <word_pack>public_cp</word_pack>
      <word_key>dp30custompages_see_page</word_key>
      <word_default>Show page</word_default>
    </lang>
    <lang>
      <word_app>cp</word_app>
      <word_pack>public_cp</word_pack>
      <word_key>dp30custompages_date_updated</word_key>
      <word_default>Date updated: </word_default>
    </lang>
    <lang>
      <word_app>cp</word_app>
      <word_pack>public_cp</word_pack>
      <word_key>dp30custompages_date_added</word_key>
      <word_default>Date added: </word_default>
    </lang>
    <lang>
      <word_app>cp</word_app>
      <word_pack>public_cp</word_pack>
      <word_key>dp30custompages_error_disable</word_key>
      <word_default>This application is off-line now</word_default>
    </lang>
    <lang>
      <word_app>cp</word_app>
      <word_pack>public_cp</word_pack>
      <word_key>dp30custompages_error_group</word_key>
      <word_default><![CDATA[You don't have permissions to view this page]]></word_default>
    </lang>
    <lang>
      <word_app>cp</word_app>
      <word_pack>public_cp</word_pack>
      <word_key>dp30custompages_error_nopages</word_key>
      <word_default>No pages</word_default>
    </lang>
    <lang>
      <word_app>cp</word_app>
      <word_pack>public_cp</word_pack>
      <word_key>dp30custompages_error_wrongid</word_key>
      <word_default>Wrong ID. Please try again.</word_default>
    </lang>
  </languagegroup>
</languageexport>
