<?xml version="1.0" encoding="UTF-8"?>
<menu>
	<tabitems>
		<item>
			<title>Manual Login</title>
			<subitems>
				<subitem>
					<subitemtitle>Manual Login</subitemtitle>
					<subsection>login</subsection>
					<subitemurl></subitemurl>
					<subitemrolekey></subitemrolekey>
					<subisredirect>0</subisredirect>
				</subitem>
			</subitems>
		</item>
		<item>
			<title>Settings</title>
			<subitems>
				<subitem>
					<subitemtitle>Settings</subitemtitle>
					<subsection>settings</subsection>
					<subitemurl></subitemurl>
					<subitemrolekey></subitemrolekey>
					<subisredirect>0</subisredirect>
				</subitem>
			</subitems>
		</item>
		<item>
			<title>Update Check</title>
			<subitems>
				<subitem>
					<subitemtitle>Update Check</subitemtitle>
					<subsection>update</subsection>
					<subitemurl></subitemurl>
					<subitemrolekey></subitemrolekey>
					<subisredirect>0</subisredirect>
				</subitem>
			</subitems>
		</item>
	</tabitems>
</menu>