"POWER BODY (B)","PARCELFORCE WORLDWIDE","Express 24","SEB338701","P346144","IE0065681","04/11/2013","1","0.000","04/11/2013","SKEL","7088","09:09","","","POWER BODY (B)","P346144","UNIT 6","HUDSON WAY","YORK BUSINESS PARK NETHER POPPLETON","YORK","YO26 6RN","GB","","","REMIGIUSZ OSTROWSKI","","DOUBLE STREET 19 FLAT 2","","","SPALDING","PE11 2AA","GB","","","","","NO","NO","","NO","359850","","","","",""
"POWER BODY (B)","PARCELFORCE WORLDWIDE","Express 24","SEB338701","P346144","IE0066007","04/11/2013","1","0.000","04/11/2013","SKEL","7088","09:09","","","POWER BODY (B)","P346144","UNIT 6","HUDSON WAY","YORK BUSINESS PARK NETHER POPPLETON","YORK","YO26 6RN","GB","","","THOMAS YOUNG","","102 WISHAW ROAD","","","WISHAW","ML2 8EA","GB","","","","","NO","NO","","NO","360127","","","","",""
"POWER BODY (B)","PARCELFORCE WORLDWIDE","Express 24","SEB338701","P346144","IE0065837","04/11/2013","1","0.000","04/11/2013","SKEL","7088","09:09","","","POWER BODY (B)","P346144","UNIT 6","HUDSON WAY","YORK BUSINESS PARK NETHER POPPLETON","YORK","YO26 6RN","GB","","","MARCIN LYKO","","24 CONCORDE CLOSE","","LONDYN","HOUNSLOW","TW3 4DG","GB","","","","","NO","NO","","NO","359960","","","","",""
"POWER BODY (B)","PARCELFORCE WORLDWIDE","Express 48","SEB338701","P346144","IE0065386","04/11/2013","1","0.000","04/11/2013","SKEL","7088","09:09","","","POWER BODY (B)","P346144","UNIT 6","HUDSON WAY","YORK BUSINESS PARK NETHER POPPLETON","YORK","YO26 6RN","GB","","","BORYS SOBCZAK","","GLEBE COURT FLAT 157","LONDON ROAD","","MITCHAM","CR4 3NU","GB","","","","","NO","NO","","NO","359479","","","","",""
"POWER BODY (B)","PARCELFORCE WORLDWIDE","Express 48","SEB338701","P346144","IE0065369","04/11/2013","1","0.000","04/11/2013","SKEL","7088","09:09","","","POWER BODY (B)","P346144","UNIT 6","HUDSON WAY","YORK BUSINESS PARK NETHER POPPLETON","YORK","YO26 6RN","GB","","","CEZARY SOBOLEWSKI","","38 PENNYFIELD","","LINCOLNSHIRE","SPALDING","PE11 3RG","GB","","","","","NO","NO","","NO","359444","","","","",""
"POWER BODY (B)","PARCELFORCE WORLDWIDE","Express 48","SEB338701","P346144","IE0065457","04/11/2013","1","0.000","04/11/2013","SKEL","7088","09:09","","","POWER BODY (B)","P346144","UNIT 6","HUDSON WAY","YORK BUSINESS PARK NETHER POPPLETON","YORK","YO26 6RN","GB","","","TONY LE","","163 SANSOM ROAD","","LONDON","LONDON","E11 3HG","GB","","","","","NO","NO","","NO","359580","","","","",""
"POWER BODY (B)","PARCELFORCE WORLDWIDE","Express 48","SEB338701","P346144","IE0065505","04/11/2013","1","0.000","04/11/2013","SKEL","7088","09:09","","","POWER BODY (B)","P346144","UNIT 6","HUDSON WAY","YORK BUSINESS PARK NETHER POPPLETON","YORK","YO26 6RN","GB","","","ARTUR HEJAK","","39B BULL STREET","","NORFOLK","HOLT","NR25 6HP","GB","","","","","NO","NO","","NO","359612","","","","",""
"POWER BODY (B)","PARCELFORCE WORLDWIDE","Express 48","SEB338701","P346144","IE0442975","04/11/2013","1","0.000","04/11/2013","SKEL","7088","12:54","","","POWER BODY (B)","P346144","UNIT 6","HUDSON WAY","YORK BUSINESS PARK NETHER POPPLETON","YORK","YO26 6RN","GB","","","DAMIAN DYL","","FLAT 1","CROFT HOUSE","GLOUCESTERSHIRE","CHELTENHAM","GL53 7FE","GB","","","","","NO","NO","","NO","360258","","","","",""
"POWER BODY (B)","PARCELFORCE WORLDWIDE","Express 48","SEB338701","P346144","IE0065488","04/11/2013","1","0.000","04/11/2013","SKEL","7088","09:09","","","POWER BODY (B)","P346144","UNIT 6","HUDSON WAY","YORK BUSINESS PARK NETHER POPPLETON","YORK","YO26 6RN","GB","","","DAMIAN OSCIK","","6-8 GLENCOE SUMMERVILLE HOTEL","EMPRESS DRIVE","ISLE OF MAN","ISLE OF MAN","IM2 4LQ","GB","","","","","NO","NO","","NO","359594","","","","",""
"POWER BODY (B)","PARCELFORCE WORLDWIDE","Express 48","SEB338701","P346144","IE0660811","04/11/2013","1","0.000","04/11/2013","SKEL","7088","15:04","","","POWER BODY (B)","P346144","UNIT 6","HUDSON WAY","YORK BUSINESS PARK NETHER POPPLETON","YORK","YO26 6RN","GB","","","AMAR ISSA","","LA FITNESS SOUTH KENSINGTON","63-81 PELHAM STREET","LONDON","LONDON","SW7 2NJ","GB","","","","","NO","NO","","NO","360387","","","","",""
"POWER BODY (B)","PARCELFORCE WORLDWIDE","Express 24","SEB338701","P346144","IE0065324","04/11/2013","1","0.000","04/11/2013","SKEL","7088","09:09","","","POWER BODY (B)","P346144","UNIT 6","HUDSON WAY","YORK BUSINESS PARK NETHER POPPLETON","YORK","YO26 6RN","GB","","","TOMASZ TOCZEK","","71 WAPSHOTT ROAD","","","STAINES","TW18 3EP","GB","","","","","NO","NO","","NO","359426","","","","",""
"POWER BODY (B)","PARCELFORCE WORLDWIDE","Express 48","SEB338701","P346144","IE0065390","04/11/2013","1","0.000","04/11/2013","SKEL","7088","09:09","","","POWER BODY (B)","P346144","UNIT 6","HUDSON WAY","YORK BUSINESS PARK NETHER POPPLETON","YORK","YO26 6RN","GB","","","MARCIN SADLEJ","","23 UPLANDS ROAD","","","LEICESTER","LE2 6PB","GB","","","","","NO","NO","","NO","359524","","","","",""
"POWER BODY (B)","PARCELFORCE WORLDWIDE","Express 24","SEB338701","P346144","IE0065704","04/11/2013","1","0.000","04/11/2013","SKEL","7088","09:09","","","POWER BODY (B)","P346144","UNIT 6","HUDSON WAY","YORK BUSINESS PARK NETHER POPPLETON","YORK","YO26 6RN","GB","","","ANDY WIGNALL","","74 CORNWALL AVE","","LANCASHIRE","BLACKPOOL","FY2 9QW","GB","","","","","NO","NO","","NO","359859","","","","",""
"POWER BODY (B)","PARCELFORCE WORLDWIDE","Express 48","SEB338701","P346144","IE0442992","04/11/2013","1","0.000","04/11/2013","SKEL","7088","12:54","","","POWER BODY (B)","P346144","UNIT 6","HUDSON WAY","YORK BUSINESS PARK NETHER POPPLETON","YORK","YO26 6RN","GB","","","HOLOM ALEX","","43 HERITAGE CLOSE","","BATH. AVON","BATH","BA2 8TJ","GB","","","","","NO","NO","","NO","360281","","","","",""
"POWER BODY (B)","PARCELFORCE WORLDWIDE","Express 48","SEB338701","P346144","IE0065372","04/11/2013","1","0.000","04/11/2013","SKEL","7088","09:09","","","POWER BODY (B)","P346144","UNIT 6","HUDSON WAY","YORK BUSINESS PARK NETHER POPPLETON","YORK","YO26 6RN","GB","","","BARTOSZ DRUZGALA","","16 BRUNSWICK PLACE","","NORTHAMPTONSHIRE","NORTHAMPTON","NN1 4BG","GB","","","","","NO","NO","","NO","359466","","","","",""
"POWER BODY (B)","PARCELFORCE WORLDWIDE","Express 48","SEB338701","P346144","IE0065443","04/11/2013","1","0.000","04/11/2013","SKEL","7088","09:09","","","POWER BODY (B)","P346144","UNIT 6","HUDSON WAY","YORK BUSINESS PARK NETHER POPPLETON","YORK","YO26 6RN","GB","","","KEVIN WILLIAMS","","41 PARK ROAD WEST","","BEDFORDSHIRE","BEDFORD","MK41 7SG","GB","","","","","NO","NO","","NO","359552","","","","",""
"POWER BODY (B)","PARCELFORCE WORLDWIDE","Express 48","SEB338701","P346144","IE0442900","04/11/2013","1","0.000","04/11/2013","SKEL","7088","12:54","","","POWER BODY (B)","P346144","UNIT 6","HUDSON WAY","YORK BUSINESS PARK NETHER POPPLETON","YORK","YO26 6RN","GB","","","GREG CAREY","GREG CAREY","RADNOR HOUSE. 2 RADNOR PLACE","ST LEONARDS","DEVON","EXETER","EX2 4EH","GB","","","","","NO","NO","","NO","360230","","","","",""
"POWER BODY (B)","PARCELFORCE WORLDWIDE","Express 24","SEB338701","P346144","IE0065995","04/11/2013","1","0.000","04/11/2013","SKEL","7088","09:09","","","POWER BODY (B)","P346144","UNIT 6","HUDSON WAY","YORK BUSINESS PARK NETHER POPPLETON","YORK","YO26 6RN","GB","","","EDWARD ROOF","","41 ST MARYS ROAD","","","BENFLEET","SS7 1NN","GB","","","","","NO","NO","","NO","360120","","","","",""
"POWER BODY (B)","PARCELFORCE WORLDWIDE","Express 48","SEB338701","P346144","IE0065338","04/11/2013","1","0.000","04/11/2013","SKEL","7088","09:09","","","POWER BODY (B)","P346144","UNIT 6","HUDSON WAY","YORK BUSINESS PARK NETHER POPPLETON","YORK","YO26 6RN","GB","","","KAMIL  WISNIEWSKI","","39WILLIAM BAREFOOT DRIVE","","","LONDON","SE9 3JD","GB","","","","","NO","NO","","NO","359430","","","","",""
"POWER BODY (B)","PARCELFORCE WORLDWIDE","Express 24","SEB338701","P346144","IE0066157","04/11/2013","1","0.000","04/11/2013","SKEL","7088","09:09","","","POWER BODY (B)","P346144","UNIT 6","HUDSON WAY","YORK BUSINESS PARK NETHER POPPLETON","YORK","YO26 6RN","GB","","","PAWEL KIERZKOWSKI","","61 MUSKHAM","","CAMBRIDGESHIRE","PETERBOROUGH","PE3 9XX","GB","","","","","NO","NO","","NO","360220","","","","",""
"POWER BODY (B)","PARCELFORCE WORLDWIDE","Express 48","SEB338701","P346144","IE0066015","04/11/2013","1","0.000","04/11/2013","SKEL","7088","09:09","","","POWER BODY (B)","P346144","UNIT 6","HUDSON WAY","YORK BUSINESS PARK NETHER POPPLETON","YORK","YO26 6RN","GB","","","KENAN SAGLAM","","CHANNEL VIEW PRAZEGOOTHLANE","CADGWITH","CORNWALL","HELSTON","TR12 7LB","GB","","","","","NO","NO","","NO","360136","","","","",""
"POWER BODY (B)","PARCELFORCE WORLDWIDE","Express 24","SEB338701","P346144","IE0443074","04/11/2013","1","0.000","04/11/2013","SKEL","7088","12:54","","","POWER BODY (B)","P346144","UNIT 6","HUDSON WAY","YORK BUSINESS PARK NETHER POPPLETON","YORK","YO26 6RN","GB","","","KHALED YOUSSEF","","29 CHAPLIN CLOSE","","GREATER MANCHESTER","SALFORD","M6 8FW","GB","","","","","NO","NO","","NO","360317","","","","",""
"POWER BODY (B)","PARCELFORCE WORLDWIDE","Express 48","SEB338701","P346144","IE0066069","04/11/2013","1","0.000","04/11/2013","SKEL","7088","09:09","","","POWER BODY (B)","P346144","UNIT 6","HUDSON WAY","YORK BUSINESS PARK NETHER POPPLETON","YORK","YO26 6RN","GB","","","KHATEEB MOHAMMED","","882 ALUM ROCK ROAD","","WEST MIDLANDS","BIRMINGHAM","B8 2TY","GB","","","","","NO","NO","","NO","360183","","","","",""
"POWER BODY (B)","PARCELFORCE WORLDWIDE","Express 48","SEB338701","P346144","IE0065925","04/11/2013","1","0.000","04/11/2013","SKEL","7088","09:09","","","POWER BODY (B)","P346144","UNIT 6","HUDSON WAY","YORK BUSINESS PARK NETHER POPPLETON","YORK","YO26 6RN","GB","","","MICHAEL FELL","","97 SOLENT COURT","","LONDON","LONDON","SW16 4EZ","GB","","","","","NO","NO","","NO","360067","","","","",""
"POWER BODY (B)","PARCELFORCE WORLDWIDE","Express 48","SEB338701","P346144","IE0442935","04/11/2013","1","0.000","04/11/2013","SKEL","7088","12:54","","","POWER BODY (B)","P346144","UNIT 6","HUDSON WAY","YORK BUSINESS PARK NETHER POPPLETON","YORK","YO26 6RN","GB","","","ALEX  HUNT","","FLAT 2. 143 ARTHUR ROAD","THE OLD BAKEHOUSE","","LONDON","SW19 8AB","GB","","","","","NO","NO","","NO","360243","","","","",""
"POWER BODY (B)","PARCELFORCE WORLDWIDE","Express 48","SEB338701","P346144","IE0066086","04/11/2013","1","0.000","04/11/2013","SKEL","7088","09:09","","","POWER BODY (B)","P346144","UNIT 6","HUDSON WAY","YORK BUSINESS PARK NETHER POPPLETON","YORK","YO26 6RN","GB","","","DAVID BEYER-KAY","","5 LONGACRE","CHURCHTOWN","","SOUTHPORT","PR9 9TB","GB","","","","","NO","NO","","NO","360186","","","","",""
"POWER BODY (B)","PARCELFORCE WORLDWIDE","Express 48","SEB338701","P346144","IE0065491","04/11/2013","1","0.000","04/11/2013","SKEL","7088","09:09","","","POWER BODY (B)","P346144","UNIT 6","HUDSON WAY","YORK BUSINESS PARK NETHER POPPLETON","YORK","YO26 6RN","GB","","","LUKASZ ZIEZIO","","10 NEWMARKET CLOSE","","","CORBY","NN18 8QH","GB","","","","","NO","NO","","NO","359600","","","","",""
"POWER BODY (B)","PARCELFORCE WORLDWIDE","Express 24","SEB338701","P346144","IE0065593","04/11/2013","1","0.000","04/11/2013","SKEL","7088","09:09","","","POWER BODY (B)","P346144","UNIT 6","HUDSON WAY","YORK BUSINESS PARK NETHER POPPLETON","YORK","YO26 6RN","GB","","","MODESTOS PAPAIOANNOU","MODESTOS PAPAIOANNOU","MARLBOROUGH STREET","ROOM NUMBER 208","","BRISTOL","BS1 3ES","GB","","","","","NO","NO","","NO","359711","","","","",""
"POWER BODY (B)","PARCELFORCE WORLDWIDE","Express 24","SEB338701","P346144","IE0443088","04/11/2013","1","0.000","04/11/2013","SKEL","7088","12:54","","","POWER BODY (B)","P346144","UNIT 6","HUDSON WAY","YORK BUSINESS PARK NETHER POPPLETON","YORK","YO26 6RN","GB","","","MARK COLLARD","","39 QUEENSWAY","","","BANBURY","OX16 9NF","GB","","","","","NO","NO","","NO","360320","","","","",""
"POWER BODY (B)","PARCELFORCE WORLDWIDE","Express 48","SEB338701","P346144","IE0065885","04/11/2013","1","0.000","04/11/2013","SKEL","7088","09:09","","","POWER BODY (B)","P346144","UNIT 6","HUDSON WAY","YORK BUSINESS PARK NETHER POPPLETON","YORK","YO26 6RN","GB","","","ANCUTA-GABRIELA REUT","","45 LYNTON AVENUE","","LONDON","LONDON","NW9 6PB","GB","","","","","NO","NO","","NO","360000","","","","",""
"POWER BODY (B)","PARCELFORCE WORLDWIDE","Express 48","SEB338701","P346144","IE0065908","04/11/2013","1","0.000","04/11/2013","SKEL","7088","09:09","","","POWER BODY (B)","P346144","UNIT 6","HUDSON WAY","YORK BUSINESS PARK NETHER POPPLETON","YORK","YO26 6RN","GB","","","ATTILA CSATA","","59 KITCHENER ROAD","","LONDON","LONDON","N17 6DU","GB","","","","","NO","NO","","NO","360035","","","","",""
"POWER BODY (B)","PARCELFORCE WORLDWIDE","Express 48","SEB338701","P346144","IE0065752","04/11/2013","1","0.000","04/11/2013","SKEL","7088","09:09","","","POWER BODY (B)","P346144","UNIT 6","HUDSON WAY","YORK BUSINESS PARK NETHER POPPLETON","YORK","YO26 6RN","GB","","","AADIL ALI","","3 WORCESTER STREET","","LANCASHIRE","ROCHDALE","OL11 3QE","GB","","","","","NO","NO","","NO","359897","","","","",""
"POWER BODY (B)","PARCELFORCE WORLDWIDE","Express 24","SEB338701","P346144","IE0442944","04/11/2013","1","0.000","04/11/2013","SKEL","7088","12:54","","","POWER BODY (B)","P346144","UNIT 6","HUDSON WAY","YORK BUSINESS PARK NETHER POPPLETON","YORK","YO26 6RN","GB","","","MICHAL MACHAJ","","HERMITAGE COURT. FLAT 60.","KNIGHTEN STREET","LONDON","LONDON","E1W 1PW","GB","","","","","NO","NO","","NO","360247","","","","",""
"POWER BODY (B)","PARCELFORCE WORLDWIDE","Express 48","SEB338701","P346144","IE0065409","04/11/2013","1","0.000","04/11/2013","SKEL","7088","09:09","","","POWER BODY (B)","P346144","UNIT 6","HUDSON WAY","YORK BUSINESS PARK NETHER POPPLETON","YORK","YO26 6RN","GB","","","WOJCIECH RYDZ","","33 ROWLEY AVENUE","","STAFORDSHIRE","NEWCASTLE","ST5 7NX","GB","","","","","NO","NO","","NO","359532","","","","",""
"POWER BODY (B)","PARCELFORCE WORLDWIDE","Express 48","SEB338701","P346144","IE0065766","04/11/2013","1","0.000","04/11/2013","SKEL","7088","09:09","","","POWER BODY (B)","P346144","UNIT 6","HUDSON WAY","YORK BUSINESS PARK NETHER POPPLETON","YORK","YO26 6RN","GB","","","JONATHAN BELL","","7 KNOCKBRACKEN","CLOSE","CO.LONDONDERRY","COLERAINE","BT52 1XN","GB","","","","","NO","NO","","NO","359901","","","","",""
"POWER BODY (B)","PARCELFORCE WORLDWIDE","Express 48","SEB338701","P346144","IE0066112","04/11/2013","1","0.000","04/11/2013","SKEL","7088","09:09","","","POWER BODY (B)","P346144","UNIT 6","HUDSON WAY","YORK BUSINESS PARK NETHER POPPLETON","YORK","YO26 6RN","GB","","","VALERIE RHENIUS","","BAYTHORNE COTTAGE","BAYTHORNE END","","HALSTEAD","CO9 4AB","GB","","","","","NO","NO","","NO","360218","","","","",""
"POWER BODY (B)","PARCELFORCE WORLDWIDE","Express 48","SEB338701","P346144","IE0066090","04/11/2013","1","0.000","04/11/2013","SKEL","7088","09:09","","","POWER BODY (B)","P346144","UNIT 6","HUDSON WAY","YORK BUSINESS PARK NETHER POPPLETON","YORK","YO26 6RN","GB","","","AECOM","HUSEYIN MEMDUHOGLU","MIDCITY PLACE 5TH FLOOR","71 HIGH HOLBORN","","LONDON","WC1V 6QS","GB","","","","","NO","NO","","NO","360196","","","","",""
"POWER BODY (B)","PARCELFORCE WORLDWIDE","Express 48","SEB338701","P346144","IE0065939","04/11/2013","1","0.000","04/11/2013","SKEL","7088","09:09","","","POWER BODY (B)","P346144","UNIT 6","HUDSON WAY","YORK BUSINESS PARK NETHER POPPLETON","YORK","YO26 6RN","GB","","","RUMEN PETROV","","108 CHURCH ROAD","PONDERS END","","ENFIELD","EN3 4NY","GB","","","","","NO","NO","","NO","360071","","","","",""
"POWER BODY (B)","PARCELFORCE WORLDWIDE","Express 48","SEB338701","P346144","IE0065514","04/11/2013","1","0.000","04/11/2013","SKEL","7088","09:09","","","POWER BODY (B)","P346144","UNIT 6","HUDSON WAY","YORK BUSINESS PARK NETHER POPPLETON","YORK","YO26 6RN","GB","","","DAVID CLARE","","89 HUMBER WAY","","","SLOUGH","SL3 8SR","GB","","","","","NO","NO","","NO","359639","","","","",""
"POWER BODY (B)","PARCELFORCE WORLDWIDE","Express 48","SEB338701","P346144","IE0065528","04/11/2013","1","0.000","04/11/2013","SKEL","7088","09:09","","","POWER BODY (B)","P346144","UNIT 6","HUDSON WAY","YORK BUSINESS PARK NETHER POPPLETON","YORK","YO26 6RN","GB","","","MICHAL KAMINSKI","","90","DURHAM HILL","KENT","BROMLEY","BR1 5ND","GB","","","","","NO","NO","","NO","359640","","","","",""
"POWER BODY (EPH FRANCE ONLY)","PARCELFORCE WORLDWIDE","Euro Priority Home","SEB338701","P346144","CK010937397GB","04/11/2013","1","3.100","04/11/2013","INTF","7087","13:30","","","POWER BODY (EPH FRANCE ONLY)","P346144","UNIT 6","HUDSON WAY","YORK BUSINESS PARK NETHER POPPLETON","YORK","YO26 6RN","GB","","","VICTOR KODJO","","4 RUE DU GENERAL CASTELNAU","","ILE-DE-FRANCE","PARIS","75015","FR","","","","","NO","YES","17:00","NO","359824","","","","",""
"POWER BODY (R)","PARCELFORCE WORLDWIDE","Express 24","SEB338701","P346144","ID9835299","04/11/2013","1","0.000","04/11/2013","COLL","7088","15:26","","","TRUSTED PRO SUPPLEMENT","JAMES ASHDOWN","24 CHRIST CHURCH OVAL","","","HARROGATE","HG1 5AJ","GB","","","POWER BODY (R)","","UNIT 6","HUDSON WAY","YORK BUSINESS PARK NETHER POPPLETON","YORK","YO26 6RN","GB","","","","","NO","NO","14:00","NO","351246","","","","",""
"POWER BODY(LIGHT WEIGHT  BFPO)","PARCELFORCE WORLDWIDE","Express 24","SEB338702","P480711","IE0507937","04/11/2013","1","0.000","04/11/2013","SKEL","7088","13:39","","","POWER BODY(LIGHT WEIGHT  BFPO)","P480711","UNIT 6","HUDSON WAY","YORK BUSINESS PARK NETHER POPPLETON","YORK","YO26 6RN","GB","","","DARIA HETMAN","","26 PENPONT WATER","","OXON","DIDCOT","OX11 7LR","GB","","","","","NO","NO","17:00","NO","359629","","","","",""
"POWER BODY(LIGHT WEIGHT  BFPO)","PARCELFORCE WORLDWIDE","Express 24","SEB338702","P480711","IE0054715","04/11/2013","1","0.000","04/11/2013","SKEL","7088","09:01","","","POWER BODY(LIGHT WEIGHT  BFPO)","P480711","UNIT 6","HUDSON WAY","YORK BUSINESS PARK NETHER POPPLETON","YORK","YO26 6RN","GB","","","OLIVER TOMKINS","OLIVER TOMKINS","47 PRINCES CLOSE","NORTH WEALD","","EPPING","CM16 6EW","GB","","","","","NO","NO","17:00","NO","357923","","","","",""
"POWER BODY(LIGHT WEIGHT  BFPO)","PARCELFORCE WORLDWIDE","Express 24","SEB338702","P480711","IE0105788","04/11/2013","1","0.000","04/11/2013","SKEL","7088","09:38","","","POWER BODY(LIGHT WEIGHT  BFPO)","P480711","UNIT 6","HUDSON WAY","YORK BUSINESS PARK NETHER POPPLETON","YORK","YO26 6RN","GB","","","LEWIS DIXON","LEWIS DIXON","21 ST. JOSEPHS CLOSE","","","NEWCASTLE UPON TYNE","NE12 6BR","GB","","","","","NO","NO","17:00","NO","ARTUR","","","","",""
"POWER BODY(LIGHT WEIGHT  BFPO)","PARCELFORCE WORLDWIDE","Express 24","SEB338702","P480711","IE0044001","04/11/2013","1","0.000","04/11/2013","SKEL","7088","08:46","","","POWER BODY(LIGHT WEIGHT  BFPO)","P480711","UNIT 6","HUDSON WAY","YORK BUSINESS PARK NETHER POPPLETON","YORK","YO26 6RN","GB","","","ZAHEEN KHAN","","143 GILBERT ROAD","","","SMETHWICK","B66 4PX","GB","","","","","NO","NO","17:00","NO","353897","","","","",""
"POWER BODY(LIGHT WEIGHT  BFPO)","PARCELFORCE WORLDWIDE","Express 24","SEB338702","P480711","IE0102035","04/11/2013","1","0.000","04/11/2013","SKEL","7088","09:35","","","POWER BODY(LIGHT WEIGHT  BFPO)","P480711","UNIT 6","HUDSON WAY","YORK BUSINESS PARK NETHER POPPLETON","YORK","YO26 6RN","GB","","","JAMES A BAILEY","","27 BASSETT STREET","CHALK FARM","","LONDON","NW5 4PG","GB","","","","","NO","NO","17:00","NO","349987","","","","",""
"POWER BODY(LIGHT WEIGHT)(B)","PARCELFORCE WORLDWIDE","Express 24","SEB338702","P480711","IE0089379","04/11/2013","1","0.000","04/11/2013","SKEL","7088","09:26","","","POWER BODY(LIGHT WEIGHT)(B)","P480711","UNIT 6","HUDSON WAY","YORK BUSINESS PARK NETHER POPPLETON","YORK","YO26 6RN","GB","","","VIDMANTAS OLUBAS","","262","DUNSTALL ROAD","WEST MIDLANDS","WOLVERHAMPTON","WV6 0NY","GB","","","","","NO","NO","","NO","359571","","","","",""
"POWER BODY(LIGHT WEIGHT)(B)","PARCELFORCE WORLDWIDE","Express 24","SEB338702","P480711","IE0446172","04/11/2013","1","0.000","04/11/2013","SKEL","7088","12:56","","","POWER BODY(LIGHT WEIGHT)(B)","P480711","UNIT 6","HUDSON WAY","YORK BUSINESS PARK NETHER POPPLETON","YORK","YO26 6RN","GB","","","REECE HAWLEY","","10 SUNNEDON","","ESSEX","BASILDON","SS16 4EE","GB","","","","","NO","NO","","NO","360248","","","","",""
"POWER BODY(LIGHT WEIGHT)(B)","PARCELFORCE WORLDWIDE","Express 48","SEB338702","P480711","IE0089453","04/11/2013","1","0.000","04/11/2013","SKEL","7088","09:26","","","POWER BODY(LIGHT WEIGHT)(B)","P480711","UNIT 6","HUDSON WAY","YORK BUSINESS PARK NETHER POPPLETON","YORK","YO26 6RN","GB","","","MARTA SZWEC","","149B QUEENS ROAD","HAMPSHIRE","","FARNBOROUGH","GU14 6LA","GB","","","","","NO","NO","","NO","359666","","","","",""
"POWER BODY(LIGHT WEIGHT)(B)","PARCELFORCE WORLDWIDE","Express 24","SEB338702","P480711","IE0663557","04/11/2013","1","0.000","04/11/2013","SKEL","7088","15:05","","","POWER BODY(LIGHT WEIGHT)(B)","P480711","UNIT 6","HUDSON WAY","YORK BUSINESS PARK NETHER POPPLETON","YORK","YO26 6RN","GB","","","BARBICAN DENTALCARE","GILLIAN SMITH","2 COPTHALL AVE","","LONDON","LONDON","EC2R 7DA","GB","","","","","NO","NO","","NO","360332","","","","",""
"POWER BODY(LIGHT WEIGHT)(B)","PARCELFORCE WORLDWIDE","Express 48","SEB338702","P480711","IE0663512","04/11/2013","1","0.000","04/11/2013","SKEL","7088","15:05","","","POWER BODY(LIGHT WEIGHT)(B)","P480711","UNIT 6","HUDSON WAY","YORK BUSINESS PARK NETHER POPPLETON","YORK","YO26 6RN","GB","","","OSKAR FISCHER","","MAIDENHEAD COURT BOATHOUSE","COURT ROAD","BERKSHIRE","MAIDENHEAD","SL6 8LQ","GB","","","","","NO","NO","","NO","360331","","","","",""
"POWER BODY(LIGHT WEIGHT)(B)","PARCELFORCE WORLDWIDE","Express 48","SEB338702","P480711","IE0089918","04/11/2013","1","0.000","04/11/2013","SKEL","7088","09:26","","","POWER BODY(LIGHT WEIGHT)(B)","P480711","UNIT 6","HUDSON WAY","YORK BUSINESS PARK NETHER POPPLETON","YORK","YO26 6RN","GB","","","BEATA DRZAZGA","","5 MURRAY ROAD","","ENGLAND","RUGBY","CV21 3JN","GB","","","","","NO","NO","","NO","360176","","","","",""
"POWER BODY(LIGHT WEIGHT)(B)","PARCELFORCE WORLDWIDE","Express 48","SEB338702","P480711","IE0089365","04/11/2013","1","0.000","04/11/2013","SKEL","7088","09:26","","","POWER BODY(LIGHT WEIGHT)(B)","P480711","UNIT 6","HUDSON WAY","YORK BUSINESS PARK NETHER POPPLETON","YORK","YO26 6RN","GB","","","IAIN MERSH","","36 LINNET CLOSE","","","WELLINGBOROUGH","NN8 4UJ","GB","","","","","NO","NO","","NO","359550","","","","",""
"POWER BODY(LIGHT WEIGHT)(B)","PARCELFORCE WORLDWIDE","Express 24","SEB338702","P480711","IE0663614","04/11/2013","1","0.000","04/11/2013","SKEL","7088","15:05","","","POWER BODY(LIGHT WEIGHT)(B)","P480711","UNIT 6","HUDSON WAY","YORK BUSINESS PARK NETHER POPPLETON","YORK","YO26 6RN","GB","","","ROBERT IWANICKI","","3 CREDEN AVENUE","","GREATER MANCHESTER","MANCHESTER","M22 5DB","GB","","","","","NO","NO","","NO","360362","","","","",""
"POWER BODY(LIGHT WEIGHT)(B)","PARCELFORCE WORLDWIDE","Express 24","SEB338702","P480711","IE0089878","04/11/2013","1","0.000","04/11/2013","SKEL","7088","09:26","","","POWER BODY(LIGHT WEIGHT)(B)","P480711","UNIT 6","HUDSON WAY","YORK BUSINESS PARK NETHER POPPLETON","YORK","YO26 6RN","GB","","","BENJAMIN STOCKS","","195.ESTER GROVE","","WEST YORKSHIRE","WAKEFIELD","WF2 8ET","GB","","","","","NO","NO","","NO","360132","","","","",""
"POWER BODY(LIGHT WEIGHT)(B)","PARCELFORCE WORLDWIDE","Express 24","SEB338702","P480711","IE0089728","04/11/2013","1","0.000","04/11/2013","SKEL","7088","09:26","","","POWER BODY(LIGHT WEIGHT)(B)","P480711","UNIT 6","HUDSON WAY","YORK BUSINESS PARK NETHER POPPLETON","YORK","YO26 6RN","GB","","","NIKESH PATEL","","SANCTURY STUDENTS 2 BAGOT","STREET","WEST MIDLANDS","BIRMINGHAM","B4 7AY","GB","","","","","NO","NO","","NO","359941","","","","",""
"POWER BODY(LIGHT WEIGHT)(B)","PARCELFORCE WORLDWIDE","Express 24","SEB338702","P480711","IE0446155","04/11/2013","1","0.000","04/11/2013","SKEL","7088","12:56","","","POWER BODY(LIGHT WEIGHT)(B)","P480711","UNIT 6","HUDSON WAY","YORK BUSINESS PARK NETHER POPPLETON","YORK","YO26 6RN","GB","","","RUDOLFS KRANCMANIS","","43 STUART ROAD","","LONDON","LONDON","NW6 5LS","GB","","","","","NO","NO","","NO","360240","","","","",""
"POWER BODY(LIGHT WEIGHT)(B)","PARCELFORCE WORLDWIDE","Express 24","SEB338702","P480711","IE0089643","04/11/2013","1","0.000","04/11/2013","SKEL","7088","09:26","","","POWER BODY(LIGHT WEIGHT)(B)","P480711","UNIT 6","HUDSON WAY","YORK BUSINESS PARK NETHER POPPLETON","YORK","YO26 6RN","GB","","","KEVIN BLACK","","31 BEECH GROVE","","","DURHAM","DH7 0AT","GB","","","","","NO","NO","","NO","359875","","","","",""
"POWER BODY(LIGHT WEIGHT)(B)","PARCELFORCE WORLDWIDE","Express 24","SEB338702","P480711","IE0446186","04/11/2013","1","0.000","04/11/2013","SKEL","7088","12:56","","","POWER BODY(LIGHT WEIGHT)(B)","P480711","UNIT 6","HUDSON WAY","YORK BUSINESS PARK NETHER POPPLETON","YORK","YO26 6RN","GB","","","PRZEMYSLAW SROKA","","17 HOLME WALK","","LINCOLNSHIRE","GAINSBOROUGH","DN21 1RL","GB","","","","","NO","NO","","NO","360257","","","","",""
"POWER BODY(LIGHT WEIGHT)(B)","PARCELFORCE WORLDWIDE","Express 24","SEB338702","P480711","IE0089436","04/11/2013","1","0.000","04/11/2013","SKEL","7088","09:26","","","POWER BODY(LIGHT WEIGHT)(B)","P480711","UNIT 6","HUDSON WAY","YORK BUSINESS PARK NETHER POPPLETON","YORK","YO26 6RN","GB","","","GENESIS SK","ELENA SIDWELL","3 WALLSIDE","BARBICAN","","LONDON","EC2Y 8BH","GB","","","","","NO","NO","","NO","359634","","","","",""
"POWER BODY(LIGHT WEIGHT)(B)","PARCELFORCE WORLDWIDE","Express 24","SEB338702","P480711","IE0089816","04/11/2013","1","0.000","04/11/2013","SKEL","7088","09:26","","","POWER BODY(LIGHT WEIGHT)(B)","P480711","UNIT 6","HUDSON WAY","YORK BUSINESS PARK NETHER POPPLETON","YORK","YO26 6RN","GB","","","LAURENCE FIORENTINO","","56 HUDSON WAY","","","GRANTHAM","NG31 7BX","GB","","","","","NO","NO","","NO","360032","","","","",""
"POWER BODY(LIGHT WEIGHT)(B)","PARCELFORCE WORLDWIDE","Express 24","SEB338702","P480711","IE0089405","04/11/2013","1","0.000","04/11/2013","SKEL","7088","09:26","","","POWER BODY(LIGHT WEIGHT)(B)","P480711","UNIT 6","HUDSON WAY","YORK BUSINESS PARK NETHER POPPLETON","YORK","YO26 6RN","GB","","","MATTHEW BIDDLESTONE","","C1 MILLSTONE APARTMENTS","50 ENDCLIFFE VALE ROAD","SOUTH YORKSHIRE","SHEFFIELD","S10 3AL","GB","","","","","NO","NO","","NO","359592","","","","",""
"POWER BODY(LIGHT WEIGHT)(B)","PARCELFORCE WORLDWIDE","Express AM","SEB338702","P480711","IE0446212","04/11/2013","1","0.000","04/11/2013","SKEL","7088","12:56","","","POWER BODY(LIGHT WEIGHT)(B)","P480711","UNIT 6","HUDSON WAY","YORK BUSINESS PARK NETHER POPPLETON","YORK","YO26 6RN","GB","","","GRZEGORZ LUCZAK","","138 GREEN POND CLOSE","","LONDON","LONDON","E17 6EF","GB","","","","","NO","NO","","NO","360292","","","","",""
"POWER BODY(LIGHT WEIGHT)(B)","PARCELFORCE WORLDWIDE","Express 24","SEB338702","P480711","IE0446265","04/11/2013","1","0.000","04/11/2013","SKEL","7088","12:56","","","POWER BODY(LIGHT WEIGHT)(B)","P480711","UNIT 6","HUDSON WAY","YORK BUSINESS PARK NETHER POPPLETON","YORK","YO26 6RN","GB","","","ROSEMARY ELLIS","","52 ARBURY HALL ROAD","SHIRLEY","","SOLIHULL","B90 4PZ","GB","","","","","NO","NO","","NO","360306","","","","",""
"POWER BODY(LIGHT WEIGHT)(B)","PARCELFORCE WORLDWIDE","Express 24","SEB338702","P480711","IE0446243","04/11/2013","1","0.000","04/11/2013","SKEL","7088","12:56","","","POWER BODY(LIGHT WEIGHT)(B)","P480711","UNIT 6","HUDSON WAY","YORK BUSINESS PARK NETHER POPPLETON","YORK","YO26 6RN","GB","","","TURBO84X","DANIEL CHROBOT","30 STELA NOVA","WASCHINGTON PARADE","LIVERPOOL","BOOTLE","L20 4TQ","GB","","","","","NO","NO","","NO","360297","","","","",""
"POWER BODY(LIGHT WEIGHT)(B)","PARCELFORCE WORLDWIDE","Express 48","SEB338702","P480711","IE0089396","04/11/2013","1","0.000","04/11/2013","SKEL","7088","09:26","","","POWER BODY(LIGHT WEIGHT)(B)","P480711","UNIT 6","HUDSON WAY","YORK BUSINESS PARK NETHER POPPLETON","YORK","YO26 6RN","GB","","","RAFAL BARAN","","26 KINGSMEAD","ABBEYMEAD","GLOUCESTERSHIRE","GLOUCESTER","GL4 5DY","GB","","","","","NO","NO","","NO","359577","","","","",""
"POWER BODY(LIGHT WEIGHT)(B)","PARCELFORCE WORLDWIDE","Express 24","SEB338702","P480711","IE0663720","04/11/2013","1","0.000","04/11/2013","SKEL","7088","15:05","","","POWER BODY(LIGHT WEIGHT)(B)","P480711","UNIT 6","HUDSON WAY","YORK BUSINESS PARK NETHER POPPLETON","YORK","YO26 6RN","GB","","","JONNY GALLAGHER","","67A","SHORE STREET","INVERCLYDE","GOUROCK","PA19 1RF","GB","","","","","NO","NO","","NO","360386","","","","",""
"POWER BODY(LIGHT WEIGHT)(B)","PARCELFORCE WORLDWIDE","Express 24","SEB338702","P480711","IE0089538","04/11/2013","1","0.000","04/11/2013","SKEL","7088","09:26","","","POWER BODY(LIGHT WEIGHT)(B)","P480711","UNIT 6","HUDSON WAY","YORK BUSINESS PARK NETHER POPPLETON","YORK","YO26 6RN","GB","","","CANER TARHAN","","12 BUTTERFIELD CLOSE","","LONDON","LONDON","N17 7NT","GB","","","","","NO","NO","","NO","359775","","","","",""
"POWER BODY(LIGHT WEIGHT)(B)","PARCELFORCE WORLDWIDE","Express 10","SEB338702","P480711","IE0089303","04/11/2013","1","0.000","04/11/2013","SKEL","7088","09:26","","","POWER BODY(LIGHT WEIGHT)(B)","P480711","UNIT 6","HUDSON WAY","YORK BUSINESS PARK NETHER POPPLETON","YORK","YO26 6RN","GB","","","KEVIN GAMMACK","","23 CROWN CRESCENT","PETERCULTER","","PETERCULTER","AB14 0SQ","GB","","","","","NO","NO","","NO","359439","","","","",""
"POWER BODY(LIGHT WEIGHT)(B)","PARCELFORCE WORLDWIDE","Express 24","SEB338702","P480711","IE0089626","04/11/2013","1","0.000","04/11/2013","SKEL","7088","09:26","","","POWER BODY(LIGHT WEIGHT)(B)","P480711","UNIT 6","HUDSON WAY","YORK BUSINESS PARK NETHER POPPLETON","YORK","YO26 6RN","GB","","","MARK HARRIS","","THE OLD DAIRY","THE HAWTHORNS","GLOUCESTERSHIRE","GLOUCESTER","GL19 3NY","GB","","","","","NO","NO","","NO","359864","","","","",""
"POWER BODY(LIGHT WEIGHT)(B)","PARCELFORCE WORLDWIDE","Express 24","SEB338702","P480711","IE0089572","04/11/2013","1","0.000","04/11/2013","SKEL","7088","09:26","","","POWER BODY(LIGHT WEIGHT)(B)","P480711","UNIT 6","HUDSON WAY","YORK BUSINESS PARK NETHER POPPLETON","YORK","YO26 6RN","GB","","","TARIQ AHMED","","25 HIGHFIELD","","ENGLAND","WOODFORD GREEN","IG8 8JA","GB","","","","","NO","NO","","NO","359835","","","","",""
"POWER BODY(LIGHT WEIGHT)(B)","PARCELFORCE WORLDWIDE","Express 24","SEB338702","P480711","IE0446209","04/11/2013","1","0.000","04/11/2013","SKEL","7088","12:56","","","POWER BODY(LIGHT WEIGHT)(B)","P480711","UNIT 6","HUDSON WAY","YORK BUSINESS PARK NETHER POPPLETON","YORK","YO26 6RN","GB","","","KRYSTIAN PERCZYNSKI","","7 LANGHAM CRESCENT","","ESSEX","BILLERICAY","CM12 9QZ","GB","","","","","NO","NO","","NO","360270","","","","",""
"POWER BODY(LIGHT WEIGHT)(B)","PARCELFORCE WORLDWIDE","Express 24","SEB338702","P480711","IE0446190","04/11/2013","1","0.000","04/11/2013","SKEL","7088","12:56","","","POWER BODY(LIGHT WEIGHT)(B)","P480711","UNIT 6","HUDSON WAY","YORK BUSINESS PARK NETHER POPPLETON","YORK","YO26 6RN","GB","","","SERGIO PINTO DE ANDRADE","","19 ELMFIELD ROAD","WALTHAMSTOW","","LONDON","E17 7HJ","GB","","","","","NO","NO","","NO","360267","","","","",""
"POWER BODY(LIGHT WEIGHT)(B)","PARCELFORCE WORLDWIDE","Express 24","SEB338702","P480711","IE0663662","04/11/2013","1","0.000","04/11/2013","SKEL","7088","15:05","","","POWER BODY(LIGHT WEIGHT)(B)","P480711","UNIT 6","HUDSON WAY","YORK BUSINESS PARK NETHER POPPLETON","YORK","YO26 6RN","GB","","","PROBIZ","MATEUSZ PALIGA","CLARENDON BUSINESS CENTRE","ABBEY HOUSE. GRENVILLE PLACE","BERKSHIRE","BRACKNELL","RG12 1BP","GB","","","","","NO","NO","","NO","360379","","","","",""
"POWER BODY(LIGHT WEIGHT)(B)","PARCELFORCE WORLDWIDE","Express 24","SEB338702","P480711","IE0089820","04/11/2013","1","0.000","04/11/2013","SKEL","7088","09:26","","","POWER BODY(LIGHT WEIGHT)(B)","P480711","UNIT 6","HUDSON WAY","YORK BUSINESS PARK NETHER POPPLETON","YORK","YO26 6RN","GB","","","PIOTR WORONIECKI","","17 SCHOOL VIEW","","OXFORDSHIRE","BANBURY","OX16 4SD","GB","","","","","NO","NO","","NO","360034","","","","",""
"POWER BODY(LIGHT WEIGHT)(B)","PARCELFORCE WORLDWIDE","Express 24","SEB338702","P480711","IE0089334","04/11/2013","1","0.000","04/11/2013","SKEL","7088","09:26","","","POWER BODY(LIGHT WEIGHT)(B)","P480711","UNIT 6","HUDSON WAY","YORK BUSINESS PARK NETHER POPPLETON","YORK","YO26 6RN","GB","","","CHRISTOPHER","","61 WOODEND WAY","CHANDLERS FORD","HAMPSHIRE","EASTLEIGH","SO53 4LN","GB","","","","","NO","NO","","NO","359463","","","","",""
"POWER BODY(LIGHT WEIGHT)(B)","PARCELFORCE WORLDWIDE","Express 24","SEB338702","P480711","IE0089731","04/11/2013","1","0.000","04/11/2013","SKEL","7088","09:26","","","POWER BODY(LIGHT WEIGHT)(B)","P480711","UNIT 6","HUDSON WAY","YORK BUSINESS PARK NETHER POPPLETON","YORK","YO26 6RN","GB","","","LUKASZ CZUCHMAN","","250 PLUNGINGTON ROAD","","LANCASHIRE","PRESTON","PR2 3PQ","GB","","","","","NO","NO","","NO","359954","","","","",""
"POWER BODY(LIGHT WEIGHT)(B)","PARCELFORCE WORLDWIDE","Express 24","SEB338702","P480711","IE0446226","04/11/2013","1","0.000","04/11/2013","SKEL","7088","12:56","","","POWER BODY(LIGHT WEIGHT)(B)","P480711","UNIT 6","HUDSON WAY","YORK BUSINESS PARK NETHER POPPLETON","YORK","YO26 6RN","GB","","","SOUTHGROVE CARS","MARK SMITH","RAILWAY ROAD","","","CHORLEY","PR6 9RG","GB","","","","","NO","NO","","NO","360293","","","","",""
"POWER BODY(LIGHT WEIGHT)(B)","PARCELFORCE WORLDWIDE","Express AM","SEB338702","P480711","IE0089970","04/11/2013","1","0.000","04/11/2013","SKEL","7088","09:26","","","POWER BODY(LIGHT WEIGHT)(B)","P480711","UNIT 6","HUDSON WAY","YORK BUSINESS PARK NETHER POPPLETON","YORK","YO26 6RN","GB","","","FERRO STORE PERSON","FERRO FEERO FERRO","179-199 HOLLAND PARK AVENUE","HOLLAND PARK AVENUE","LONDON","LONDON","W11 4UL","GB","","","","","NO","NO","","NO","360213","","","","",""
"POWER BODY(LIGHT WEIGHT)(B)","PARCELFORCE WORLDWIDE","Express 24","SEB338702","P480711","IE0089484","04/11/2013","1","0.000","04/11/2013","SKEL","7088","09:26","","","POWER BODY(LIGHT WEIGHT)(B)","P480711","UNIT 6","HUDSON WAY","YORK BUSINESS PARK NETHER POPPLETON","YORK","YO26 6RN","GB","","","KLEMERSON ESPINHOSA","","66 PENNINGTON. ORTON GOLDHAY","","CAMBRIDGESHIRE","PETERBOROUGH","PE2 5RD","GB","","","","","NO","NO","","NO","359680","","","","",""
"POWER BODY(LIGHT WEIGHT)(B)","PARCELFORCE WORLDWIDE","Express 24","SEB338702","P480711","IE0089541","04/11/2013","1","0.000","04/11/2013","SKEL","7088","09:26","","","POWER BODY(LIGHT WEIGHT)(B)","P480711","UNIT 6","HUDSON WAY","YORK BUSINESS PARK NETHER POPPLETON","YORK","YO26 6RN","GB","","","LYN EVANS","","DWYNANT PONTSIAN","","CEREDIGION","LLANDYSUL","SA44 4UA","GB","","","","","NO","NO","","NO","359783","","","","",""
"POWER BODY(LIGHT WEIGHT)(B)","PARCELFORCE WORLDWIDE","Express 24","SEB338702","P480711","IE0089935","04/11/2013","1","0.000","04/11/2013","SKEL","7088","09:26","","","POWER BODY(LIGHT WEIGHT)(B)","P480711","UNIT 6","HUDSON WAY","YORK BUSINESS PARK NETHER POPPLETON","YORK","YO26 6RN","GB","","","TOM PERKINS","","35 VICTORIA STREET","","","NEWARK","NG24 4UU","GB","","","","","NO","NO","","NO","360182","","","","",""
"POWER BODY(LIGHT WEIGHT)(B)","PARCELFORCE WORLDWIDE","Express 24","SEB338702","P480711","IE0089847","04/11/2013","1","0.000","04/11/2013","SKEL","7088","09:26","","","POWER BODY(LIGHT WEIGHT)(B)","P480711","UNIT 6","HUDSON WAY","YORK BUSINESS PARK NETHER POPPLETON","YORK","YO26 6RN","GB","","","TONY HARVEY","","20 TALBOT ROAD","GREAT SUTTON","","ELLESMERE PORT","CH66 2RA","GB","","","","","NO","NO","","NO","360052","","","","",""
"POWER BODY(LIGHT WEIGHT)(B)","PARCELFORCE WORLDWIDE","Express 24","SEB338702","P480711","IE0089665","04/11/2013","1","0.000","04/11/2013","SKEL","7088","09:26","","","POWER BODY(LIGHT WEIGHT)(B)","P480711","UNIT 6","HUDSON WAY","YORK BUSINESS PARK NETHER POPPLETON","YORK","YO26 6RN","GB","","","MICHAL JASINSKI","","CLIFTON ROAD 43","","","KINGSTON UPON THAMES","KT2 6PJ","GB","","","","","NO","NO","","NO","359900","","","","",""
"POWER BODY(LIGHT WEIGHT)(B)","PARCELFORCE WORLDWIDE","Express 24","SEB338702","P480711","IE0089864","04/11/2013","1","0.000","04/11/2013","SKEL","7088","09:26","","","POWER BODY(LIGHT WEIGHT)(B)","P480711","UNIT 6","HUDSON WAY","YORK BUSINESS PARK NETHER POPPLETON","YORK","YO26 6RN","GB","","","DEMETRIS IERONYMIDES","","APARTMENT 12.","60 GREAT GEORGE STREET","WEST YORKSHIRE","LEEDS","LS1 3DL","GB","","","","","NO","NO","","NO","360119","","","","",""
"POWER BODY(LIGHT WEIGHT)(B)","PARCELFORCE WORLDWIDE","Express 48","SEB338702","P480711","IE0089555","04/11/2013","1","0.000","04/11/2013","SKEL","7088","09:26","","","POWER BODY(LIGHT WEIGHT)(B)","P480711","UNIT 6","HUDSON WAY","YORK BUSINESS PARK NETHER POPPLETON","YORK","YO26 6RN","GB","","","ADRIAN LESZCZYNSKI","","42 THE STOUR","","","DAVENTRY","NN11 4PR","GB","","","","","NO","NO","","NO","359797","","","","",""
"POWER BODY(LIGHT WEIGHT)(B)","PARCELFORCE WORLDWIDE","Express 48","SEB338702","P480711","IE0089966","04/11/2013","1","0.000","04/11/2013","SKEL","7088","09:26","","","POWER BODY(LIGHT WEIGHT)(B)","P480711","UNIT 6","HUDSON WAY","YORK BUSINESS PARK NETHER POPPLETON","YORK","YO26 6RN","GB","","","WOJCIECH SPIEWAK","","11 GISBURN ROAD","","","PRESTON","PR2 6SS","GB","","","","","NO","NO","","NO","360212","","","","",""
"POWER BODY(LIGHT WEIGHT)(B)","PARCELFORCE WORLDWIDE","Express 24","SEB338702","P480711","IE0089440","04/11/2013","1","0.000","04/11/2013","SKEL","7088","09:26","","","POWER BODY(LIGHT WEIGHT)(B)","P480711","UNIT 6","HUDSON WAY","YORK BUSINESS PARK NETHER POPPLETON","YORK","YO26 6RN","GB","","","MICHAL MALEK","","48 HOLLAND STREET","","","NOTTINGHAM","NG7 5DS","GB","","","","","NO","NO","","NO","359651","","","","",""
"POWER BODY(LIGHT WEIGHT)(B)","PARCELFORCE WORLDWIDE","Express 24","SEB338702","P480711","IE0089855","04/11/2013","1","0.000","04/11/2013","SKEL","7088","09:26","","","POWER BODY(LIGHT WEIGHT)(B)","P480711","UNIT 6","HUDSON WAY","YORK BUSINESS PARK NETHER POPPLETON","YORK","YO26 6RN","GB","","","PETER  TANTI","","8 THE GREEN","","","CARDIFF","CF11 8AR","GB","","","","","NO","NO","","NO","360090","","","","",""
"POWER BODY(LIGHT WEIGHT)(B)","PARCELFORCE WORLDWIDE","Express 24","SEB338702","P480711","IE0089422","04/11/2013","1","0.000","04/11/2013","SKEL","7088","09:26","","","POWER BODY(LIGHT WEIGHT)(B)","P480711","UNIT 6","HUDSON WAY","YORK BUSINESS PARK NETHER POPPLETON","YORK","YO26 6RN","GB","","","TOMASZ SLOMSKI","","18 ROMA ROAD","","CAMBRIDGESHIRE","PETERBOROUGH","PE2 8GX","GB","","","","","NO","NO","","NO","359631","","","","",""
"POWER BODY(LIGHT WEIGHT)(B)","PARCELFORCE WORLDWIDE","Express 24","SEB338702","P480711","IE0089524","04/11/2013","1","0.000","04/11/2013","SKEL","7088","09:26","","","POWER BODY(LIGHT WEIGHT)(B)","P480711","UNIT 6","HUDSON WAY","YORK BUSINESS PARK NETHER POPPLETON","YORK","YO26 6RN","GB","","","JACEK MARCZYK","","182 ORCHARD AVENUE","","GLOUCESTERSHIRE","CHELTENHAM","GL51 7NQ","GB","","","","","NO","NO","","NO","359713","","","","",""
"POWER BODY(LIGHT WEIGHT)(B)","PARCELFORCE WORLDWIDE","Express 24","SEB338702","P480711","IE0446274","04/11/2013","1","0.000","04/11/2013","SKEL","7088","12:56","","","POWER BODY(LIGHT WEIGHT)(B)","P480711","UNIT 6","HUDSON WAY","YORK BUSINESS PARK NETHER POPPLETON","YORK","YO26 6RN","GB","","","LOUISA HOLMES","","171 HEATH ROAD","","WARKS","BEDWORTH","CV12 0BW","GB","","","","","NO","NO","","NO","360311","","","","",""
"POWER BODY(LIGHT WEIGHT)(B)","PARCELFORCE WORLDWIDE","Express 10","SEB338702","P480711","IE0089348","04/11/2013","1","0.000","04/11/2013","SKEL","7088","09:26","","","POWER BODY(LIGHT WEIGHT)(B)","P480711","UNIT 6","HUDSON WAY","YORK BUSINESS PARK NETHER POPPLETON","YORK","YO26 6RN","GB","","","LEE RUSSELL","","32 ANNESLEY HOUSE","GOSLING WAY","LONDON","LONDON","SW9 6JT","GB","","","","","NO","NO","","NO","359515","","","","",""
"POWER BODY(LIGHT WEIGHT)(B)","PARCELFORCE WORLDWIDE","Express 24","SEB338702","P480711","IE0089881","04/11/2013","1","0.000","04/11/2013","SKEL","7088","09:26","","","POWER BODY(LIGHT WEIGHT)(B)","P480711","UNIT 6","HUDSON WAY","YORK BUSINESS PARK NETHER POPPLETON","YORK","YO26 6RN","GB","","","WIKTOR KUTA","","176 FRENSHAM DRIVE","","","LONDON","SW15 3EG","GB","","","","","NO","NO","","NO","360147","","","","",""
"POWER BODY(LIGHT WEIGHT)(B)","PARCELFORCE WORLDWIDE","Express 24","SEB338702","P480711","IE0089904","04/11/2013","1","0.000","04/11/2013","SKEL","7088","09:26","","","POWER BODY(LIGHT WEIGHT)(B)","P480711","UNIT 6","HUDSON WAY","YORK BUSINESS PARK NETHER POPPLETON","YORK","YO26 6RN","GB","","","DAN COWE","","OLDCASTLES FARM HOUSE","CHIRNSIDE","BORDERS","DUNS","TD11 3LF","GB","","","","","NO","NO","","NO","360171","","","","",""
"POWER BODY(LIGHT WEIGHT)(B)","PARCELFORCE WORLDWIDE","Express 24","SEB338702","P480711","IE0089317","04/11/2013","1","0.000","04/11/2013","SKEL","7088","09:26","","","POWER BODY(LIGHT WEIGHT)(B)","P480711","UNIT 6","HUDSON WAY","YORK BUSINESS PARK NETHER POPPLETON","YORK","YO26 6RN","GB","","","CARL SHUTTLEWORTH","","17 ADMIRAL PARKER DRIVE","","","LICHFIELD","WS14 0NS","GB","","","","","NO","NO","","NO","359445","","","","",""
"POWER BODY(LIGHT WEIGHT)(B)","PARCELFORCE WORLDWIDE","Express AM","SEB338702","P480711","IE0089952","04/11/2013","1","0.000","04/11/2013","SKEL","7088","09:26","","","POWER BODY(LIGHT WEIGHT)(B)","P480711","UNIT 6","HUDSON WAY","YORK BUSINESS PARK NETHER POPPLETON","YORK","YO26 6RN","GB","","","AHMED ELSAWAF","","5 MAGNUM HOUSE.164 LONDON ROAD","","","KINGSTON UPON THAMES","KT2 6QW","GB","","","","","NO","NO","","NO","360204","","","","",""
"POWER BODY(LIGHT WEIGHT)(B)","PARCELFORCE WORLDWIDE","Express 24","SEB338702","P480711","IE0446257","04/11/2013","1","0.000","04/11/2013","SKEL","7088","12:56","","","POWER BODY(LIGHT WEIGHT)(B)","P480711","UNIT 6","HUDSON WAY","YORK BUSINESS PARK NETHER POPPLETON","YORK","YO26 6RN","GB","","","RACHEL BEER","","64 NORTHFIELD GARDENS","HIGHWOODS","ESSEX","COLCHESTER","CO4 9SS","GB","","","","","NO","NO","","NO","360304","","","","",""
"POWER BODY(LIGHT WEIGHT)(B)","PARCELFORCE WORLDWIDE","Express 48","SEB338702","P480711","IE0089475","04/11/2013","1","0.000","04/11/2013","SKEL","7088","09:26","","","POWER BODY(LIGHT WEIGHT)(B)","P480711","UNIT 6","HUDSON WAY","YORK BUSINESS PARK NETHER POPPLETON","YORK","YO26 6RN","GB","","","JAKUB KARAMON","","52 DACRE PARK","","GREATER LONDON","LONDON","SE13 5SW","GB","","","","","NO","NO","","NO","359673","","","","",""
