"POWER BODY(LIGHT WEIGHT)(B)","PARCELFORCE WORLDWIDE","Express 24","SEB338702","P480711","IE0089895","04/11/2013","1","0.000","04/11/2013","SKEL","7088","09:26","","","POWER BODY(LIGHT WEIGHT)(B)","P480711","UNIT 6","HUDSON WAY","YORK BUSINESS PARK NETHER POPPLETON","YORK","YO26 6RN","GB","","","JOE`S","ROBERT KOPKA","126 DRAYCOTTE AVE.","","LONDON","LONDON","SW3 3AH","GB","","","","","NO","NO","","NO","360165","","","","",""
"POWER BODY(LIGHT WEIGHT)(B)","PARCELFORCE WORLDWIDE","Express 24","SEB338702","P480711","IE0089419","04/11/2013","1","0.000","04/11/2013","SKEL","7088","09:26","","","POWER BODY(LIGHT WEIGHT)(B)","P480711","UNIT 6","HUDSON WAY","YORK BUSINESS PARK NETHER POPPLETON","YORK","YO26 6RN","GB","","","LUKE AYLOTT","","46 BRANSON ROAD","","","BORDON","GU35 0EH","GB","","","","","NO","NO","","NO","359609","","","","",""
"POWER BODY(LIGHT WEIGHT)(B)","PARCELFORCE WORLDWIDE","Express 48","SEB338702","P480711","IE0089762","04/11/2013","1","0.000","04/11/2013","SKEL","7088","09:26","","","POWER BODY(LIGHT WEIGHT)(B)","P480711","UNIT 6","HUDSON WAY","YORK BUSINESS PARK NETHER POPPLETON","YORK","YO26 6RN","GB","","","BOZENA DROZDOWSKA","","25 BORROWDALE","","","CAMBRIDGE","CB4 3HU","GB","","","","","NO","NO","","NO","359982","","","","",""
"POWER BODY(LIGHT WEIGHT)(B)","PARCELFORCE WORLDWIDE","Express 24","SEB338702","P480711","IE0089691","04/11/2013","1","0.000","04/11/2013","SKEL","7088","09:26","","","POWER BODY(LIGHT WEIGHT)(B)","P480711","UNIT 6","HUDSON WAY","YORK BUSINESS PARK NETHER POPPLETON","YORK","YO26 6RN","GB","","","STEPHEN VINALL","","FROGS LEAP","LINERSH WOOD","SURREY","GUILDFORD","GU5 0EF","GB","","","","","NO","NO","","NO","359905","","","","",""
"POWER BODY(LIGHT WEIGHT)(B)","PARCELFORCE WORLDWIDE","Express 24","SEB338702","P480711","IE0089776","04/11/2013","1","0.000","04/11/2013","SKEL","7088","09:26","","","POWER BODY(LIGHT WEIGHT)(B)","P480711","UNIT 6","HUDSON WAY","YORK BUSINESS PARK NETHER POPPLETON","YORK","YO26 6RN","GB","","","DANIEL ANDERTON","","27 SCOTT AVENUE","","","WIGAN","WN2 4DG","GB","","","","","NO","NO","","NO","359996","","","","",""
"POWER BODY(LIGHT WEIGHT)(B)","PARCELFORCE WORLDWIDE","Express 24","SEB338702","P480711","IE0089507","04/11/2013","1","0.000","04/11/2013","SKEL","7088","09:26","","","POWER BODY(LIGHT WEIGHT)(B)","P480711","UNIT 6","HUDSON WAY","YORK BUSINESS PARK NETHER POPPLETON","YORK","YO26 6RN","GB","","","MICHAL TATARZYNSKI","","132 OUSEGATE","","NORTH YORKSHIRE","SELBY","YO8 8BL","GB","","","","","NO","NO","","NO","359699","","","","",""
"POWER BODY(LIGHT WEIGHT)(B)","PARCELFORCE WORLDWIDE","Express 24","SEB338702","P480711","IE0089705","04/11/2013","1","0.000","04/11/2013","SKEL","7088","09:26","","","POWER BODY(LIGHT WEIGHT)(B)","P480711","UNIT 6","HUDSON WAY","YORK BUSINESS PARK NETHER POPPLETON","YORK","YO26 6RN","GB","","","ANDY BALL","","27 VINCENT GROVE","VINCENT GROVE","","FAREHAM","PO16 9RS","GB","","","","","NO","NO","","NO","359913","","","","",""
"POWER BODY(LIGHT WEIGHT)(B)","PARCELFORCE WORLDWIDE","Express 24","SEB338702","P480711","IE0089949","04/11/2013","1","0.000","04/11/2013","SKEL","7088","09:26","","","POWER BODY(LIGHT WEIGHT)(B)","P480711","UNIT 6","HUDSON WAY","YORK BUSINESS PARK NETHER POPPLETON","YORK","YO26 6RN","GB","","","SEBASTIAN KAWECKI","","3 LOXLEY CLOSE","","HUCKNALL","NOTTINGHAM","NG15 6RJ","GB","","","","","NO","NO","","NO","360194","","","","",""
"POWER BODY(LIGHT WEIGHT)(B)","PARCELFORCE WORLDWIDE","Express 24","SEB338702","P480711","IE0089793","04/11/2013","1","0.000","04/11/2013","SKEL","7088","09:26","","","POWER BODY(LIGHT WEIGHT)(B)","P480711","UNIT 6","HUDSON WAY","YORK BUSINESS PARK NETHER POPPLETON","YORK","YO26 6RN","GB","","","MAX SHEPHERD","","7 MILL VUE ROAD","","ESSEX","CHELMSFORD","CM2 6NP","GB","","","","","NO","NO","","NO","360009","","","","",""
"POWER BODY(LIGHT WEIGHT)(B)","PARCELFORCE WORLDWIDE","Express 24","SEB338702","P480711","IE0089802","04/11/2013","1","0.000","04/11/2013","SKEL","7088","09:26","","","POWER BODY(LIGHT WEIGHT)(B)","P480711","UNIT 6","HUDSON WAY","YORK BUSINESS PARK NETHER POPPLETON","YORK","YO26 6RN","GB","","","GUITAR GUITAR","DOUG DOWNING","6 CAPITOL SQUARE","CHURCH ST","","EPSOM","KT17 4NY","GB","","","","","NO","NO","","NO","360010","","","","",""
"POWER BODY(LIGHT WEIGHT)(B)","PARCELFORCE WORLDWIDE","Express 24","SEB338702","P480711","IE0089997","04/11/2013","1","0.000","04/11/2013","SKEL","7088","09:26","","","POWER BODY(LIGHT WEIGHT)(B)","P480711","UNIT 6","HUDSON WAY","YORK BUSINESS PARK NETHER POPPLETON","YORK","YO26 6RN","GB","","","MR ANDREW BURNS","","48 LONDON WALL","","LONDON","LONDON","EC2M 5QB","GB","","","","","NO","NO","","NO","360221","","","","",""
"POWER BODY(LIGHT WEIGHT)(B)","PARCELFORCE WORLDWIDE","Express 24","SEB338702","P480711","IE0089612","04/11/2013","1","0.000","04/11/2013","SKEL","7088","09:26","","","POWER BODY(LIGHT WEIGHT)(B)","P480711","UNIT 6","HUDSON WAY","YORK BUSINESS PARK NETHER POPPLETON","YORK","YO26 6RN","GB","","","PAUL PEMBELE","","34 LYNDHURST ROAD","","","LONDON","N18 2QA","GB","","","","","NO","NO","","NO","359863","","","","",""
"POWER BODY(LIGHT WEIGHT)(B)","PARCELFORCE WORLDWIDE","Express 48","SEB338702","P480711","IE0089515","04/11/2013","1","0.000","04/11/2013","SKEL","7088","09:26","","","POWER BODY(LIGHT WEIGHT)(B)","P480711","UNIT 6","HUDSON WAY","YORK BUSINESS PARK NETHER POPPLETON","YORK","YO26 6RN","GB","","","TOMASZ RUDNICKI","","BRADFORD STREET 41A","","WEST MIDDLANDS","WALSALL","WS1 3QA","GB","","","","","NO","NO","","NO","359700","","","","",""
"POWER BODY(LIGHT WEIGHT)(B)","PARCELFORCE WORLDWIDE","Express 48","SEB338702","P480711","IE0089745","04/11/2013","1","0.000","04/11/2013","SKEL","7088","09:26","","","POWER BODY(LIGHT WEIGHT)(B)","P480711","UNIT 6","HUDSON WAY","YORK BUSINESS PARK NETHER POPPLETON","YORK","YO26 6RN","GB","","","DAVID ROBINSON","","40 HUNTSMANS WALK","","ENGLAND","RUGELEY","WS15 2SN","GB","","","","","NO","NO","","NO","359979","","","","",""
"POWER BODY(LIGHT WEIGHT)(B)","PARCELFORCE WORLDWIDE","Express 24","SEB338702","P480711","IE0089586","04/11/2013","1","0.000","04/11/2013","SKEL","7088","09:26","","","POWER BODY(LIGHT WEIGHT)(B)","P480711","UNIT 6","HUDSON WAY","YORK BUSINESS PARK NETHER POPPLETON","YORK","YO26 6RN","GB","","","HAOTING SUN","","FLAT 1","68 FRIAR GATE","","DERBY","DE1 1FP","GB","","","","","NO","NO","","NO","359839","","","","",""
"POWER BODY(LIGHT WEIGHT)(B)","PARCELFORCE WORLDWIDE","Express 24","SEB338702","P480711","IE0089983","04/11/2013","1","0.000","04/11/2013","SKEL","7088","09:26","","","POWER BODY(LIGHT WEIGHT)(B)","P480711","UNIT 6","HUDSON WAY","YORK BUSINESS PARK NETHER POPPLETON","YORK","YO26 6RN","GB","","","THOMAS COOK","AMANDA BUNDY","7 LOWER NORTHAM ROADHEDGE END","","HAMPSHIRE","SOUTHAMPTON","SO30 4FN","GB","","","","","NO","NO","","NO","360215","","","","",""
"POWER BODY(LIGHT WEIGHT)(B)","PARCELFORCE WORLDWIDE","Express 24","SEB338702","P480711","IE0089921","04/11/2013","1","0.000","04/11/2013","SKEL","7088","09:26","","","POWER BODY(LIGHT WEIGHT)(B)","P480711","UNIT 6","HUDSON WAY","YORK BUSINESS PARK NETHER POPPLETON","YORK","YO26 6RN","GB","","","HARRY ATAOU","","4 CHANCEL WAY","CHARLTON KINGS","","CHELTENHAM","GL53 7RR","GB","","","","","NO","NO","","NO","360180","","","","",""
"POWER BODY(LIGHT WEIGHT)(B)","PARCELFORCE WORLDWIDE","Express 24","SEB338702","P480711","IE0089714","04/11/2013","1","0.000","04/11/2013","SKEL","7088","09:26","","","POWER BODY(LIGHT WEIGHT)(B)","P480711","UNIT 6","HUDSON WAY","YORK BUSINESS PARK NETHER POPPLETON","YORK","YO26 6RN","GB","","","ALI MOOSA","","N425A","THE FORGE BOSTON STREET","","SHEFFIELD","S2 4QG","GB","","","","","NO","NO","","NO","359929","","","","",""
"POWER BODY(LIGHT WEIGHT)(B)","PARCELFORCE WORLDWIDE","Express 48","SEB338702","P480711","IE0089590","04/11/2013","1","0.000","04/11/2013","SKEL","7088","09:26","","","POWER BODY(LIGHT WEIGHT)(B)","P480711","UNIT 6","HUDSON WAY","YORK BUSINESS PARK NETHER POPPLETON","YORK","YO26 6RN","GB","","","MARTIN WORSLEY","","5 PARK LOFTS","63 LYHAM ROAD","","LONDON","SW2 5EB","GB","","","","","NO","NO","","NO","359851","","","","",""
"POWER BODY(LIGHT WEIGHT)(B)","PARCELFORCE WORLDWIDE","Express AM","SEB338702","P480711","IE0089688","04/11/2013","1","0.000","04/11/2013","SKEL","7088","09:26","","","POWER BODY(LIGHT WEIGHT)(B)","P480711","UNIT 6","HUDSON WAY","YORK BUSINESS PARK NETHER POPPLETON","YORK","YO26 6RN","GB","","","DANIEL ROBERTS","","43 SYDENHAM AVENUE","","","LIVERPOOL","L17 3AX","GB","","","","","NO","NO","","NO","359904","","","","",""
"POWER BODY(LIGHT WEIGHT)(B)","PARCELFORCE WORLDWIDE","Express 24","SEB338702","P480711","IE0089569","04/11/2013","1","0.000","04/11/2013","SKEL","7088","09:26","","","POWER BODY(LIGHT WEIGHT)(B)","P480711","UNIT 6","HUDSON WAY","YORK BUSINESS PARK NETHER POPPLETON","YORK","YO26 6RN","GB","","","KILLIAN GREENWOOD","","APARTMENT 18. 39 HILL STREET","","","LONDON","W1J 5NA","GB","","","","","NO","NO","","NO","359825","","","","",""
"POWER BODY(LIGHT WEIGHT)(B)","PARCELFORCE WORLDWIDE","Express AM","SEB338702","P480711","IE0089630","04/11/2013","1","0.000","04/11/2013","SKEL","7088","09:26","","","POWER BODY(LIGHT WEIGHT)(B)","P480711","UNIT 6","HUDSON WAY","YORK BUSINESS PARK NETHER POPPLETON","YORK","YO26 6RN","GB","","","SCOTT GALLACHER","","FLAT 3/2","4 MCLENNAN STREET","","GLASGOW","G42 9DQ","GB","","","","","NO","NO","","NO","359874","","","","",""
"POWER BODY(LIGHT WEIGHT)(B)","PARCELFORCE WORLDWIDE","Express 24","SEB338702","P480711","IE0089351","04/11/2013","1","0.000","04/11/2013","SKEL","7088","09:26","","","POWER BODY(LIGHT WEIGHT)(B)","P480711","UNIT 6","HUDSON WAY","YORK BUSINESS PARK NETHER POPPLETON","YORK","YO26 6RN","GB","","","ALEXANDER JOHNSEN","","FISHER HOUSE","MILTON ROAD","NORTHAMPTONSHIRE","PETERBOROUGH","PE8 4AQ","GB","","","","","NO","NO","","NO","359533","","","","",""
"POWER BODY(LIGHT WEIGHT)(B)","PARCELFORCE WORLDWIDE","Express 24","SEB338702","P480711","IE0663588","04/11/2013","1","0.000","04/11/2013","SKEL","7088","15:05","","","POWER BODY(LIGHT WEIGHT)(B)","P480711","UNIT 6","HUDSON WAY","YORK BUSINESS PARK NETHER POPPLETON","YORK","YO26 6RN","GB","","","ADINA BIBICA","","42 HYLTON STREET","","","BIRMINGHAM","B18 6HN","GB","","","","","NO","NO","","NO","360340","","","","",""
"POWER BODY(LIGHT WEIGHT)(B)","PARCELFORCE WORLDWIDE","Express 24","SEB338702","P480711","IE0089657","04/11/2013","1","0.000","04/11/2013","SKEL","7088","09:26","","","POWER BODY(LIGHT WEIGHT)(B)","P480711","UNIT 6","HUDSON WAY","YORK BUSINESS PARK NETHER POPPLETON","YORK","YO26 6RN","GB","","","BARTOSZ MURAWSKI","","45 NORWICH AVENUE WEST FLAT 8","","DORSET","BOURNEMOUTH","BH2 6AJ","GB","","","","","NO","NO","","NO","359895","","","","",""
"POWER BODY(LIGHT WEIGHT)(B)","PARCELFORCE WORLDWIDE","Express 24","SEB338702","P480711","IE0663645","04/11/2013","1","0.000","04/11/2013","SKEL","7088","15:05","","","POWER BODY(LIGHT WEIGHT)(B)","P480711","UNIT 6","HUDSON WAY","YORK BUSINESS PARK NETHER POPPLETON","YORK","YO26 6RN","GB","","","JAMES JANES","","624 TIMBER WHARF","WORSLEY STREET","","MANCHESTER","M15 4NZ","GB","","","","","NO","NO","","NO","360376","","","","",""
