"POWER BODY","PARCELFORCE WORLDWIDE","Express 24","SEB338701","P346144","IE0119610","04/11/2013","1","0.000","04/11/2013","SKEL","7088","09:49","","","POWER BODY","P346144","UNIT 6","HUDSON WAY","YORK BUSINESS PARK NETHER POPPLETON","YORK","YO26 6RN","GB","29658","003","NUTRICASTLE SUPPLEMENTS","WIOLETA PIETRZAK","UNIT 7 LITTLE WALK","","","HARLOW","CM20 1HY","GB","","","","","NO","NO","17:00","NO","360233","","","","",""
"POWER BODY","PARCELFORCE WORLDWIDE","Express AM","SEB338701","P346144","IE0561650","04/11/2013","1","0.000","04/11/2013","SKEL","7088","14:12","","","POWER BODY","P346144","UNIT 6","HUDSON WAY","YORK BUSINESS PARK NETHER POPPLETON","YORK","YO26 6RN","GB","","","MATEUSZ PINDEL","","TOFTFILL FARM","","GLENCARSE","PERTH","PH2 7LS","GB","","","","","NO","NO","17:00","NO","360305","","","","",""
"POWER BODY","PARCELFORCE WORLDWIDE","Euro Priority Business","SEB338701","P346144","EK022672374GB","04/11/2013","1","3.500","04/11/2013","INTF","7087","13:25","","","POWER BODY","P346144","UNIT 6","HUDSON WAY","YORK BUSINESS PARK NETHER POPPLETON","YORK","YO26 6RN","GB","","","DAMIAN TUCZYNSKI","","16D DOUGHISKA RD","DOUGHISKA","GALWAY","GALWAY","000000","IE","","","","","NO","NO","17:00","NO","359709","","","","",""
"POWER BODY","PARCELFORCE WORLDWIDE","Express 24","SEB338701","P346144","IE0530825","04/11/2013","1","0.000","04/11/2013","SKEL","7088","13:53","","","POWER BODY","P346144","UNIT 6","HUDSON WAY","YORK BUSINESS PARK NETHER POPPLETON","YORK","YO26 6RN","GB","","","CAE OXFORD","ALDO ROMERO","OXFORD AIRPORT","","","KIDLINGTON","OX5 1QX","GB","","","","","NO","NO","17:00","NO","359853","","","","",""
"POWER BODY","PARCELFORCE WORLDWIDE","Express 24","SEB338701","P346144","IE0151102","04/11/2013","1","0.000","04/11/2013","SKEL","7088","10:10","","","POWER BODY","P346144","UNIT 6","HUDSON WAY","YORK BUSINESS PARK NETHER POPPLETON","YORK","YO26 6RN","GB","","","OLESJA ANTONOVA","OLESJA ANTONOVA","12 GOLD LEAF INDUSTRIAL PARK","SANDALL ROAD","CAMBRIDGESHIRE","WISBECH","PE13 2GA","GB","","","","","NO","NO","17:00","NO","ARTUR","","","","",""
"POWER BODY","PARCELFORCE WORLDWIDE","Euro Priority Business","SEB338701","P346144","EK022672048GB","04/11/2013","1","1.500","04/11/2013","INTF","7087","13:22","","","POWER BODY","P346144","UNIT 6","HUDSON WAY","YORK BUSINESS PARK NETHER POPPLETON","YORK","YO26 6RN","GB","","","PEKKA AALTO","","KALERVONKATU 8 A 3","","","JYVASKYLA","40100","FI","","","","","NO","NO","17:00","NO","359432","","","","",""
"POWER BODY","PARCELFORCE WORLDWIDE","Euro Priority Business","SEB338701","P346144","EK022671970GB","04/11/2013","1","1.300","04/11/2013","INTF","7087","13:21","","","POWER BODY","P346144","UNIT 6","HUDSON WAY","YORK BUSINESS PARK NETHER POPPLETON","YORK","YO26 6RN","GB","","","MONIKA RAUSCHER","","APP. 96","JOHANN-CLANZE-STR. 43","","MUNCHEN","81369","DE","","","","","NO","NO","17:00","NO","360264","","","","",""
"POWER BODY","PARCELFORCE WORLDWIDE","Euro Priority Business","SEB338701","P346144","EK022671881GB","04/11/2013","1","9.000","04/11/2013","INTF","7087","13:20","","","POWER BODY","P346144","UNIT 6","HUDSON WAY","YORK BUSINESS PARK NETHER POPPLETON","YORK","YO26 6RN","GB","","","EMMA HILL","","52-5 HEIDMARKSTRASSE","","GERMANY","FALLINGBOSTEL","29683","DE","","","","","NO","NO","17:00","NO","359715","","","","",""
"POWER BODY","PARCELFORCE WORLDWIDE","Express 24","SEB338701","P346144","IE0034517","04/11/2013","1","0.000","04/11/2013","SKEL","7088","08:33","","","POWER BODY","P346144","UNIT 6","HUDSON WAY","YORK BUSINESS PARK NETHER POPPLETON","YORK","YO26 6RN","GB","63787","","ILKO TOMOV","","104 TRAPSTYLE ROAD","","","WARE","SG12 0BB","GB","","","","","NO","NO","17:00","NO","359718","","","","",""
"POWER BODY","PARCELFORCE WORLDWIDE","Express AM","SEB338701","P346144","IE0691575","04/11/2013","1","0.000","04/11/2013","SKEL","7088","15:23","","","POWER BODY","P346144","UNIT 6","HUDSON WAY","YORK BUSINESS PARK NETHER POPPLETON","YORK","YO26 6RN","GB","","","RHYS WEIR","","141 QUEEN ALEXANDRA ROAD","","ASHBROOKE","SUNDERLAND","SR2 9BU","GB","","","","","NO","NO","17:00","NO","360338","","","","",""
"POWER BODY","PARCELFORCE WORLDWIDE","Express 24","SEB338701","P346144","IE0026833","04/11/2013","1","0.000","04/11/2013","SKEL","7088","08:21","","","POWER BODY","P346144","UNIT 6","HUDSON WAY","YORK BUSINESS PARK NETHER POPPLETON","YORK","YO26 6RN","GB","32229","001","VITAMINSHOP / GLOBALBODYTECHSO","PRZEMYSLAW WOZNIAK","UNIT 3","215 HIGH STREET","","HOUNSLOW","TW3 1DN","GB","","","","","NO","NO","17:00","NO","359622","","","","",""
"POWER BODY","PARCELFORCE WORLDWIDE","Express AM","SEB338701","P346144","IE0538086","04/11/2013","1","0.000","04/11/2013","SKEL","7088","13:58","","","POWER BODY","P346144","UNIT 6","HUDSON WAY","YORK BUSINESS PARK NETHER POPPLETON","YORK","YO26 6RN","GB","","","MICHAL DZITKO","","12 ROTHSAY PLACE","","BEDFORDSHIRE","BEDFORD","MK40 3PY","GB","","","","","NO","NO","17:00","NO","360159","","","","",""
"POWER BODY","PARCELFORCE WORLDWIDE","Express 24","SEB338701","P346144","IE0028202","04/11/2013","1","0.000","04/11/2013","SKEL","7088","08:24","","","POWER BODY","P346144","UNIT 6","HUDSON WAY","YORK BUSINESS PARK NETHER POPPLETON","YORK","YO26 6RN","GB","44856","001","ABSOLUTE SUPPLEMENTS","CHARLIE TOWNSEND","6 BUCKINGHAM STREET","TINGEWICK","","BUCKINGHAM","MK18 4QY","GB","","","","","NO","NO","17:00","NO","360006","","","","",""
"POWER BODY","PARCELFORCE WORLDWIDE","Express 10","SEB338701","P346144","IE0521338","04/11/2013","1","0.000","04/11/2013","SKEL","7088","13:48","","","POWER BODY","P346144","UNIT 6","HUDSON WAY","YORK BUSINESS PARK NETHER POPPLETON","YORK","YO26 6RN","GB","","","ADRIAN KIEDROWSKI","","1 AUSTRALIA HOUSE","PRINCESS ELIZABETH WAY","","CHELTENHAM","GL51 7SW","GB","","","","","NO","NO","17:00","NO","359646","","","","",""
"POWER BODY","PARCELFORCE WORLDWIDE","Express AM","SEB338701","P346144","IE0519780","04/11/2013","1","0.000","04/11/2013","SKEL","7088","13:47","","","POWER BODY","P346144","UNIT 6","HUDSON WAY","YORK BUSINESS PARK NETHER POPPLETON","YORK","YO26 6RN","GB","","","PAWEL MICHALEWICZ","","100 MILDMAY ROAD","","","STEVENAGE","SG1 5SW","GB","","","","","NO","NO","17:00","NO","359569","","","","",""
"POWER BODY","PARCELFORCE WORLDWIDE","Express 24","SEB338701","P346144","IE0423199","04/11/2013","1","0.000","04/11/2013","SKEL","7088","12:40","","","POWER BODY","P346144","UNIT 6","HUDSON WAY","YORK BUSINESS PARK NETHER POPPLETON","YORK","YO26 6RN","GB","10597","001","MHL LIMITED","DAVID MELIA","164-166 CROMWELL ROAD","","LINCOONSHIRE","GRIMSBY","DN31 2BA","GB","","","","","NO","NO","17:00","NO","360290","","","","",""
"POWER BODY","PARCELFORCE WORLDWIDE","Euro Priority Business","SEB338701","P346144","EK022672431GB","04/11/2013","1","24.800","04/11/2013","INTF","7087","13:27","","","POWER BODY","P346144","UNIT 6","HUDSON WAY","YORK BUSINESS PARK NETHER POPPLETON","YORK","YO26 6RN","GB","","","MARIUSZ MACIEJEWSKI","","ARDKEEN VILLAGE","","WATERFORD","WATERFORD","0000","IE","","","","","NO","NO","17:00","NO","359918","","","","",""
"POWER BODY","PARCELFORCE WORLDWIDE","Euro Priority Business","SEB338701","P346144","EK022651207GB","04/11/2013","1","28.000","04/11/2013","INTF","7087","09:59","","","POWER BODY","P346144","UNIT 6","HUDSON WAY","YORK BUSINESS PARK NETHER POPPLETON","YORK","YO26 6RN","GB","82166","001","I&P SERVICE OY","PEKKA HAAPAJOKI","ASKELKUJA 8 A","","","KERAVA","04220","FI","","","","","NO","NO","17:00","NO","360031","","","","",""
"POWER BODY","PARCELFORCE WORLDWIDE","Euro Priority Business","SEB338701","P346144","EK022672167GB","04/11/2013","1","3.500","04/11/2013","INTF","7087","13:24","","","POWER BODY","P346144","UNIT 6","HUDSON WAY","YORK BUSINESS PARK NETHER POPPLETON","YORK","YO26 6RN","GB","","","MARTIN WAGNER","","KRATZMANNGASSE 28","","","VIENNA","1220","AT","","","","","NO","NO","17:00","NO","359556","","","","",""
"POWER BODY","PARCELFORCE WORLDWIDE","Express 24","SEB338701","P346144","IE0110584","04/11/2013","1","0.000","04/11/2013","SKEL","7088","09:42","","","POWER BODY","P346144","UNIT 6","HUDSON WAY","YORK BUSINESS PARK NETHER POPPLETON","YORK","YO26 6RN","GB","","","SARA MURRAY","SARA MURRAY","14 SEAVIEW DRIVE","","NORTHERN IRELAND, LONDONDERRY","PORTSTEWART","BT55 7JX","GB","","","","","NO","NO","17:00","NO","ARTUR","","","","",""
"POWER BODY","PARCELFORCE WORLDWIDE","Euro Priority Business","SEB338701","P346144","EK022672754GB","04/11/2013","1","4.100","04/11/2013","INTF","7087","13:31","","","POWER BODY","P346144","UNIT 6","HUDSON WAY","YORK BUSINESS PARK NETHER POPPLETON","YORK","YO26 6RN","GB","","","THOMAS PETERS LAURSEN","","BROSTYKKEVEJ 39","","COPENHAGEN","HVIDOVRE","2650","DK","","","","","NO","NO","17:00","NO","359827","","","","",""
"POWER BODY","PARCELFORCE WORLDWIDE","Express 24","SEB338701","P346144","IE0633895","04/11/2013","1","0.000","04/11/2013","SKEL","7088","14:52","","","POWER BODY","P346144","UNIT 6","HUDSON WAY","YORK BUSINESS PARK NETHER POPPLETON","YORK","YO26 6RN","GB","","","DOMINIKA BUSZKIEWICZ","","19 LOWRY CLOSE","","NORTHANTS","CORBY","NN18 0QT","GB","","","","","NO","NO","17:00","NO","357119","","","","",""
"POWER BODY","PARCELFORCE WORLDWIDE","Euro Priority Business","SEB338701","P346144","EK022671657GB","04/11/2013","1","3.500","04/11/2013","INTF","7087","13:18","","","POWER BODY","P346144","UNIT 6","HUDSON WAY","YORK BUSINESS PARK NETHER POPPLETON","YORK","YO26 6RN","GB","","","BERNHARD MEWIS","","AM SCHLING 12","","NRW","HOXTER","37671","DE","","","","","NO","NO","17:00","NO","360224","","","","",""
"POWER BODY","PARCELFORCE WORLDWIDE","Euro Priority Business","SEB338701","P346144","EK022672555GB","04/11/2013","1","2.500","04/11/2013","INTF","7087","13:29","","","POWER BODY","P346144","UNIT 6","HUDSON WAY","YORK BUSINESS PARK NETHER POPPLETON","YORK","YO26 6RN","GB","","","GRZEGORZ JAROSZ","","APARTMENT 1 KILBELIN COURT","OKREG","KILDARE","NEWBRIDGE","KILDNEW","IE","","","","","NO","NO","17:00","NO","360138","","","","",""
"POWER BODY","PARCELFORCE WORLDWIDE","Express 24","SEB338701","P346144","IE0534623","04/11/2013","1","0.000","04/11/2013","SKEL","7088","13:56","","","POWER BODY","P346144","UNIT 6","HUDSON WAY","YORK BUSINESS PARK NETHER POPPLETON","YORK","YO26 6RN","GB","","","EXPEDITO MACHADO DA PONTE NETO","","FLAT 7 THORNWOOD LODGE","THORNWOOD GARDENS","","LONDON","W8 7EB","GB","","","","","NO","NO","17:00","NO","360126","","","","",""
"POWER BODY","PARCELFORCE WORLDWIDE","Express AM","SEB338701","P346144","IE0532525","04/11/2013","1","0.000","04/11/2013","SKEL","7088","13:54","","","POWER BODY","P346144","UNIT 6","HUDSON WAY","YORK BUSINESS PARK NETHER POPPLETON","YORK","YO26 6RN","GB","","","DMITRIJ MIAKENKIJ","","FLAT 2 CAVENDISH HOUSE","CAMPS ROAD","","HAVERHILL","CB9 8JY","GB","","","","","NO","NO","17:00","NO","359911","","","","",""
"POWER BODY","PARCELFORCE WORLDWIDE","Express 24","SEB338701","P346144","IE0117171","04/11/2013","1","0.000","04/11/2013","SKEL","7088","09:47","","","POWER BODY","P346144","UNIT 6","HUDSON WAY","YORK BUSINESS PARK NETHER POPPLETON","YORK","YO26 6RN","GB","68838","001","VITAMIN SHOP ONLINE LTD","ROBERT RZEZNICZAK","555 WHITE HART LANE","ZONE F","","LONDON","N17 7RN","GB","","","","","NO","NO","17:00","NO","360234","","","","",""
"POWER BODY","PARCELFORCE WORLDWIDE","Express 10","SEB338701","P346144","IE0557363","04/11/2013","1","0.000","04/11/2013","SKEL","7088","14:09","","","POWER BODY","P346144","UNIT 6","HUDSON WAY","YORK BUSINESS PARK NETHER POPPLETON","YORK","YO26 6RN","GB","","","SAMUEL ORR","","134 WATERSIDE GARDENS","","","BOLTON","BL1 8WD","GB","","","","","NO","NO","17:00","NO","360277","","","","",""
"POWER BODY","PARCELFORCE WORLDWIDE","Express 48","SEB338701","P346144","IE0516488","04/11/2013","1","0.000","04/11/2013","SKEL","7088","13:45","","","POWER BODY","P346144","UNIT 6","HUDSON WAY","YORK BUSINESS PARK NETHER POPPLETON","YORK","YO26 6RN","GB","","","ERSEN ENGIN","","59 SHIPMAN AVENUE","","","CANTERBURY","CT2 8PE","GB","","","","","NO","NO","17:00","NO","359763","","","","",""
"POWER BODY","PARCELFORCE WORLDWIDE","Express 48","SEB338701","P346144","IE0522832","04/11/2013","1","0.000","04/11/2013","SKEL","7088","13:49","","","POWER BODY","P346144","UNIT 6","HUDSON WAY","YORK BUSINESS PARK NETHER POPPLETON","YORK","YO26 6RN","GB","","","ADRIAN SKOWRONSKI","","19A","STATION ROAD","","LONDON","N3 2SB","GB","","","","","NO","NO","17:00","NO","359765","","","","",""
"POWER BODY","PARCELFORCE WORLDWIDE","Express 24","SEB338701","P346144","IE0264360","04/11/2013","1","0.000","04/11/2013","SKEL","7088","11:18","","","POWER BODY","P346144","UNIT 6","HUDSON WAY","YORK BUSINESS PARK NETHER POPPLETON","YORK","YO26 6RN","GB","","","DAWID KLOSKE","","20 CLERMISTON GROVE","","","EDINBURGH","EH4 7DE","GB","","","","","NO","NO","17:00","NO","356709","","","","",""
"POWER BODY","PARCELFORCE WORLDWIDE","Express 48","SEB338701","P346144","IE0514147","04/11/2013","1","0.000","04/11/2013","SKEL","7088","13:43","","","POWER BODY","P346144","UNIT 6","HUDSON WAY","YORK BUSINESS PARK NETHER POPPLETON","YORK","YO26 6RN","GB","","","WAYNE MATCHAM","","50 STANHOPE ROAD","","KENT","DOVER","CT16 2PR","GB","","","","","NO","NO","17:00","NO","359535","","","","",""
"POWER BODY","PARCELFORCE WORLDWIDE","Express AM","SEB338701","P346144","IE0747115","04/11/2013","1","0.000","04/11/2013","SKEL","7088","15:56","","","POWER BODY","P346144","UNIT 6","HUDSON WAY","YORK BUSINESS PARK NETHER POPPLETON","YORK","YO26 6RN","GB","","","DEMETRIS GEORGIOU","","106A MAGNET COURT","8 GALLOWGATE","NEWCASTLE","NEWCASTLE UPON TYNE","NE1 4SP","GB","","","","","NO","NO","17:00","NO","359427","","","","",""
"POWER BODY","PARCELFORCE WORLDWIDE","Express AM","SEB338701","P346144","IE0518055","04/11/2013","1","0.000","04/11/2013","SKEL","7088","13:46","","","POWER BODY","P346144","UNIT 6","HUDSON WAY","YORK BUSINESS PARK NETHER POPPLETON","YORK","YO26 6RN","GB","","","TOMMY.MASSAGE","TOMASZ NIEDZIELCZYK","177 DURBAN AVENUE","","","CLYDEBANK","G81 4JR","GB","","","","","NO","NO","17:00","NO","359563","","","","",""
"POWER BODY","PARCELFORCE WORLDWIDE","Euro Priority Business","SEB338701","P346144","EK022651215GB","04/11/2013","1","28.000","04/11/2013","INTF","7087","09:59","","","POWER BODY","P346144","UNIT 6","HUDSON WAY","YORK BUSINESS PARK NETHER POPPLETON","YORK","YO26 6RN","GB","82166","001","I&P SERVICE OY","PEKKA HAAPAJOKI","ASKELKUJA 8 A","","","KERAVA","04220","FI","","","","","NO","NO","17:00","NO","360031","","","","",""
"POWER BODY","PARCELFORCE WORLDWIDE","Euro Priority Business","SEB338701","P346144","EK022651238GB","04/11/2013","1","28.000","04/11/2013","INTF","7087","09:59","","","POWER BODY","P346144","UNIT 6","HUDSON WAY","YORK BUSINESS PARK NETHER POPPLETON","YORK","YO26 6RN","GB","82166","001","I&P SERVICE OY","PEKKA HAAPAJOKI","ASKELKUJA 8 A","","","KERAVA","04220","FI","","","","","NO","NO","17:00","NO","360031","","","","",""
"POWER BODY","PARCELFORCE WORLDWIDE","Euro Priority Business","SEB338701","P346144","EK022643948GB","04/11/2013","1","9.000","04/11/2013","INTF","7087","08:06","","","POWER BODY","P346144","UNIT 6","HUDSON WAY","YORK BUSINESS PARK NETHER POPPLETON","YORK","YO26 6RN","GB","67591","001","OLAF WIENHAUS","OLAF WIENHAUS","AN DER FRANZISKUSKIRCHE 11A","","","LOTTE","49504","DE","","","","","NO","NO","17:00","NO","359716","","","","",""
"POWER BODY","PARCELFORCE WORLDWIDE","Euro Priority Business","SEB338701","P346144","EK022644546GB","04/11/2013","1","23.000","04/11/2013","INTF","7087","08:20","","","POWER BODY","P346144","UNIT 6","HUDSON WAY","YORK BUSINESS PARK NETHER POPPLETON","YORK","YO26 6RN","GB","81222","001","PEAK ATHLETIXX GMBH","MARGOT BILANI","FAVORITENSTRASSE 56","","","VIENNA","1040","AT","","","","","NO","NO","17:00","NO","358550","","","","",""
"POWER BODY","PARCELFORCE WORLDWIDE","Express 10","SEB338701","P346144","IE0555901","04/11/2013","1","0.000","04/11/2013","SKEL","7088","14:08","","","POWER BODY","P346144","UNIT 6","HUDSON WAY","YORK BUSINESS PARK NETHER POPPLETON","YORK","YO26 6RN","GB","","","RAMESH RAMAKRISHNAN","","94 KILBURN HIGH ROAD","FLAT 4, VIA COLAS MEWS","","LONDON","NW6 4HS","GB","","","","","NO","NO","17:00","NO","360241","","","","",""
"POWER BODY","PARCELFORCE WORLDWIDE","Euro Priority Business","SEB338701","P346144","EK022644550GB","04/11/2013","1","23.000","04/11/2013","INTF","7087","08:20","","","POWER BODY","P346144","UNIT 6","HUDSON WAY","YORK BUSINESS PARK NETHER POPPLETON","YORK","YO26 6RN","GB","81222","001","PEAK ATHLETIXX GMBH","MARGOT BILANI","FAVORITENSTRASSE 56","","","VIENNA","1040","AT","","","","","NO","NO","17:00","NO","358550","","","","",""
"POWER BODY","PARCELFORCE WORLDWIDE","Express 24","SEB338701","P346144","IE0424591","04/11/2013","2","0.000","04/11/2013","SKEL","7088","12:41","","","POWER BODY","P346144","UNIT 6","HUDSON WAY","YORK BUSINESS PARK NETHER POPPLETON","YORK","YO26 6RN","GB","18200","001","AMBRO HEALTH","GURJ RAI","36 ROSYTH CRESCENT","CHELLASTON","","DERBY","DE73 5WY","GB","","","","","NO","NO","17:00","NO","360319","","","","",""
"POWER BODY","PARCELFORCE WORLDWIDE","Express 24","SEB338701","P346144","IE0536315","04/11/2013","1","0.000","04/11/2013","SKEL","7088","13:57","","","POWER BODY","P346144","UNIT 6","HUDSON WAY","YORK BUSINESS PARK NETHER POPPLETON","YORK","YO26 6RN","GB","","","KAMIL CHLUDZINSKI","","12 THORNDALE COURT","","","MANCHESTER","M9 8PZ","GB","","","","","NO","NO","17:00","NO","359962","","","","",""
"POWER BODY","PARCELFORCE WORLDWIDE","Express 24","SEB338701","P346144","IE0027405","04/11/2013","2","0.000","04/11/2013","SKEL","7088","08:23","","","POWER BODY","P346144","UNIT 6","HUDSON WAY","YORK BUSINESS PARK NETHER POPPLETON","YORK","YO26 6RN","GB","13691","001","VITAMIN SHOP","PAWEL OLSZEWSKI","65 MIDDLE STREET","","CO.DURHAM","CONSETT","DH8 5QG","GB","","","","","NO","NO","17:00","NO","359678","","","","",""
"POWER BODY","PARCELFORCE WORLDWIDE","Express AM","SEB338701","P346144","IE0509544","04/11/2013","1","0.000","04/11/2013","SKEL","7088","13:40","","","POWER BODY","P346144","UNIT 6","HUDSON WAY","YORK BUSINESS PARK NETHER POPPLETON","YORK","YO26 6RN","GB","NG18 5LS","","DANIEL KOPP-OSTROWSKI","","35 HARRINGTON STREET","","","MANSFIELD","NG18 5LS","GB","","","","","NO","NO","17:00","NO","359492","","","","",""
"POWER BODY","PARCELFORCE WORLDWIDE","Euro Priority Business","SEB338701","P346144","EK022651224GB","04/11/2013","1","28.000","04/11/2013","INTF","7087","09:59","","","POWER BODY","P346144","UNIT 6","HUDSON WAY","YORK BUSINESS PARK NETHER POPPLETON","YORK","YO26 6RN","GB","82166","001","I&P SERVICE OY","PEKKA HAAPAJOKI","ASKELKUJA 8 A","","","KERAVA","04220","FI","","","","","NO","NO","17:00","NO","360031","","","","",""
"POWER BODY","PARCELFORCE WORLDWIDE","Express AM","SEB338701","P346144","IE0558868","04/11/2013","1","0.000","04/11/2013","SKEL","7088","14:10","","","POWER BODY","P346144","UNIT 6","HUDSON WAY","YORK BUSINESS PARK NETHER POPPLETON","YORK","YO26 6RN","GB","","","ESTATES & MANAGEMENT","JONATHAN SAMSON","MOLTENO HOUSE","302 REGENTS PARK ROAD","","LONDON","N3 2JX","GB","","","","","NO","NO","17:00","NO","360285","","","","",""
"POWER BODY","PARCELFORCE WORLDWIDE","Euro Priority Business","SEB338701","P346144","EK022651198GB","04/11/2013","1","28.000","04/11/2013","INTF","7087","09:59","","","POWER BODY","P346144","UNIT 6","HUDSON WAY","YORK BUSINESS PARK NETHER POPPLETON","YORK","YO26 6RN","GB","82166","001","I&P SERVICE OY","PEKKA HAAPAJOKI","ASKELKUJA 8 A","","","KERAVA","04220","FI","","","","","NO","NO","17:00","NO","360031","","","","",""
"POWER BODY","PARCELFORCE WORLDWIDE","Express 48","SEB338701","P346144","IE0527185","04/11/2013","1","0.000","04/11/2013","SKEL","7088","13:52","","","POWER BODY","P346144","UNIT 6","HUDSON WAY","YORK BUSINESS PARK NETHER POPPLETON","YORK","YO26 6RN","GB","","","ADAM TODD","","18 ROSEDALE DRIVE","","","GRANTHAM","NG31 8PY","GB","","","","","NO","NO","17:00","NO","359813","","","","",""
"POWER BODY (B)","PARCELFORCE WORLDWIDE","Express 48","SEB338701","P346144","IE0065443","04/11/2013","1","0.000","04/11/2013","SKEL","7088","09:09","","","POWER BODY (B)","P346144","UNIT 6","HUDSON WAY","YORK BUSINESS PARK NETHER POPPLETON","YORK","YO26 6RN","GB","","","KEVIN WILLIAMS","","41 PARK ROAD WEST","","BEDFORDSHIRE","BEDFORD","MK41 7SG","GB","","","","","NO","NO","","NO","359552","","","","",""
"POWER BODY (B)","PARCELFORCE WORLDWIDE","Express 48","SEB338701","P346144","IE0065412","04/11/2013","1","0.000","04/11/2013","SKEL","7088","09:09","","","POWER BODY (B)","P346144","UNIT 6","HUDSON WAY","YORK BUSINESS PARK NETHER POPPLETON","YORK","YO26 6RN","GB","","","ANTANAS RUSAS","","FRANCES ROAD 5","","DORSET","BOURNEMOUTH","BH1 3RY","GB","","","","","NO","NO","","NO","359543","","","","",""
"POWER BODY (B)","PARCELFORCE WORLDWIDE","Express 48","SEB338701","P346144","IE0442900","04/11/2013","1","0.000","04/11/2013","SKEL","7088","12:54","","","POWER BODY (B)","P346144","UNIT 6","HUDSON WAY","YORK BUSINESS PARK NETHER POPPLETON","YORK","YO26 6RN","GB","","","GREG CAREY","GREG CAREY","RADNOR HOUSE. 2 RADNOR PLACE","ST LEONARDS","DEVON","EXETER","EX2 4EH","GB","","","","","NO","NO","","NO","360230","","","","",""
"POWER BODY (B)","PARCELFORCE WORLDWIDE","Express 48","SEB338701","P346144","IE0442992","04/11/2013","1","0.000","04/11/2013","SKEL","7088","12:54","","","POWER BODY (B)","P346144","UNIT 6","HUDSON WAY","YORK BUSINESS PARK NETHER POPPLETON","YORK","YO26 6RN","GB","","","HOLOM ALEX","","43 HERITAGE CLOSE","","BATH. AVON","BATH","BA2 8TJ","GB","","","","","NO","NO","","NO","360281","","","","",""
"POWER BODY (B)","PARCELFORCE WORLDWIDE","Express 48","SEB338701","P346144","IE0660737","04/11/2013","1","0.000","04/11/2013","SKEL","7088","15:04","","","POWER BODY (B)","P346144","UNIT 6","HUDSON WAY","YORK BUSINESS PARK NETHER POPPLETON","YORK","YO26 6RN","GB","","","WOJCIECH SOBOLEWSKI","","5 SWANLOW DRIVE","","CHESHIRE","WINSFORD","CW7 1SA","GB","","","","","NO","NO","","NO","360325","","","","",""
"POWER BODY (B)","PARCELFORCE WORLDWIDE","Express 24","SEB338701","P346144","IE0065704","04/11/2013","1","0.000","04/11/2013","SKEL","7088","09:09","","","POWER BODY (B)","P346144","UNIT 6","HUDSON WAY","YORK BUSINESS PARK NETHER POPPLETON","YORK","YO26 6RN","GB","","","ANDY WIGNALL","","74 CORNWALL AVE","","LANCASHIRE","BLACKPOOL","FY2 9QW","GB","","","","","NO","NO","","NO","359859","","","","",""
"POWER BODY (B)","PARCELFORCE WORLDWIDE","Express 48","SEB338701","P346144","IE0065372","04/11/2013","1","0.000","04/11/2013","SKEL","7088","09:09","","","POWER BODY (B)","P346144","UNIT 6","HUDSON WAY","YORK BUSINESS PARK NETHER POPPLETON","YORK","YO26 6RN","GB","","","BARTOSZ DRUZGALA","","16 BRUNSWICK PLACE","","NORTHAMPTONSHIRE","NORTHAMPTON","NN1 4BG","GB","","","","","NO","NO","","NO","359466","","","","",""
"POWER BODY (B)","PARCELFORCE WORLDWIDE","Express 24","SEB338701","P346144","IE0065995","04/11/2013","1","0.000","04/11/2013","SKEL","7088","09:09","","","POWER BODY (B)","P346144","UNIT 6","HUDSON WAY","YORK BUSINESS PARK NETHER POPPLETON","YORK","YO26 6RN","GB","","","EDWARD ROOF","","41 ST MARYS ROAD","","","BENFLEET","SS7 1NN","GB","","","","","NO","NO","","NO","360120","","","","",""
"POWER BODY (B)","PARCELFORCE WORLDWIDE","Express 48","SEB338701","P346144","IE0066055","04/11/2013","1","0.000","04/11/2013","SKEL","7088","09:09","","","POWER BODY (B)","P346144","UNIT 6","HUDSON WAY","YORK BUSINESS PARK NETHER POPPLETON","YORK","YO26 6RN","GB","","","MARIUSZ DABROWSKI","","16 WILTSHIRE","","","WOKINGHAM","RG40 1TN","GB","","","","","NO","NO","","NO","360179","","","","",""
"POWER BODY (B)","PARCELFORCE WORLDWIDE","Express 24","SEB338701","P346144","IE0065911","04/11/2013","1","0.000","04/11/2013","SKEL","7088","09:09","","","POWER BODY (B)","P346144","UNIT 6","HUDSON WAY","YORK BUSINESS PARK NETHER POPPLETON","YORK","YO26 6RN","GB","","","EMPORIUM","ROBERT CARTER","24 BRIDGE STREET","","","DOWNHAM MARKET","PE38 9DH","GB","","","","","NO","NO","","NO","360050","","","","",""
"POWER BODY (B)","PARCELFORCE WORLDWIDE","Express 24","SEB338701","P346144","IE0065810","04/11/2013","1","0.000","04/11/2013","SKEL","7088","09:09","","","POWER BODY (B)","P346144","UNIT 6","HUDSON WAY","YORK BUSINESS PARK NETHER POPPLETON","YORK","YO26 6RN","GB","","","MATEUSZ SZCZUR","","10 CLIFF ROAD","","SUFFOLK","IPSWICH","IP3 0AY","GB","","","","","NO","NO","","NO","359946","","","","",""
"POWER BODY (B)","PARCELFORCE WORLDWIDE","Express 24","SEB338701","P346144","IE0065845","04/11/2013","1","0.000","04/11/2013","SKEL","7088","09:09","","","POWER BODY (B)","P346144","UNIT 6","HUDSON WAY","YORK BUSINESS PARK NETHER POPPLETON","YORK","YO26 6RN","GB","","","MIKAEL NOYAN","","65 TYLERSFIELD","","","ABBOTS LANGLEY","WD5 0PT","GB","","","","","NO","NO","","NO","359961","","","","",""
"POWER BODY (B)","PARCELFORCE WORLDWIDE","Express 48","SEB338701","P346144","IE0065797","04/11/2013","1","0.000","04/11/2013","SKEL","7088","09:09","","","POWER BODY (B)","P346144","UNIT 6","HUDSON WAY","YORK BUSINESS PARK NETHER POPPLETON","YORK","YO26 6RN","GB","","","WIKTOR PRZYBYSZ","","3 WESTMEAD DRIVE","","BERKSHIRE","NEWBURY","RG14 7DJ","GB","","","","","NO","NO","","NO","359931","","","","",""
"POWER BODY (B)","PARCELFORCE WORLDWIDE","Express 48","SEB338701","P346144","IE0442975","04/11/2013","1","0.000","04/11/2013","SKEL","7088","12:54","","","POWER BODY (B)","P346144","UNIT 6","HUDSON WAY","YORK BUSINESS PARK NETHER POPPLETON","YORK","YO26 6RN","GB","","","DAMIAN DYL","","FLAT 1","CROFT HOUSE","GLOUCESTERSHIRE","CHELTENHAM","GL53 7FE","GB","","","","","NO","NO","","NO","360258","","","","",""
"POWER BODY (B)","PARCELFORCE WORLDWIDE","Express 24","SEB338701","P346144","IE0443065","04/11/2013","1","0.000","04/11/2013","SKEL","7088","12:54","","","POWER BODY (B)","P346144","UNIT 6","HUDSON WAY","YORK BUSINESS PARK NETHER POPPLETON","YORK","YO26 6RN","GB","","","CREDO GROUP","JONATHAN HANCOCK","83 PALL MALL","","LONDON","LONDON","SW1Y 5ES","GB","","","","","NO","NO","","NO","360314","","","","",""
"POWER BODY (B)","PARCELFORCE WORLDWIDE","Express 48","SEB338701","P346144","IE0066038","04/11/2013","1","0.000","04/11/2013","SKEL","7088","09:09","","","POWER BODY (B)","P346144","UNIT 6","HUDSON WAY","YORK BUSINESS PARK NETHER POPPLETON","YORK","YO26 6RN","GB","","","PAWEL SWIERCZEK","","25 MCCLUE ROAD","","RENFREWSHIRE","RENFREW","PA4 9BL","GB","","","","","NO","NO","","NO","360158","","","","",""
"POWER BODY (B)","PARCELFORCE WORLDWIDE","Express 48","SEB338701","P346144","IE0660811","04/11/2013","1","0.000","04/11/2013","SKEL","7088","15:04","","","POWER BODY (B)","P346144","UNIT 6","HUDSON WAY","YORK BUSINESS PARK NETHER POPPLETON","YORK","YO26 6RN","GB","","","AMAR ISSA","","LA FITNESS SOUTH KENSINGTON","63-81 PELHAM STREET","LONDON","LONDON","SW7 2NJ","GB","","","","","NO","NO","","NO","360387","","","","",""
"POWER BODY (B)","PARCELFORCE WORLDWIDE","Express 48","SEB338701","P346144","IE0065655","04/11/2013","1","0.000","04/11/2013","SKEL","7088","09:09","","","POWER BODY (B)","P346144","UNIT 6","HUDSON WAY","YORK BUSINESS PARK NETHER POPPLETON","YORK","YO26 6RN","GB","","","ANETA LUDWINIAK","","1 GOODTREES TERRACE","","","EDINBURGH","EH17 7EN","GB","","","","","NO","NO","","NO","359847","","","","",""
"POWER BODY (B)","PARCELFORCE WORLDWIDE","Express 24","SEB338701","P346144","IE0065324","04/11/2013","1","0.000","04/11/2013","SKEL","7088","09:09","","","POWER BODY (B)","P346144","UNIT 6","HUDSON WAY","YORK BUSINESS PARK NETHER POPPLETON","YORK","YO26 6RN","GB","","","TOMASZ TOCZEK","","71 WAPSHOTT ROAD","","","STAINES","TW18 3EP","GB","","","","","NO","NO","","NO","359426","","","","",""
"POWER BODY (B)","PARCELFORCE WORLDWIDE","Express 48","SEB338701","P346144","IE0065505","04/11/2013","1","0.000","04/11/2013","SKEL","7088","09:09","","","POWER BODY (B)","P346144","UNIT 6","HUDSON WAY","YORK BUSINESS PARK NETHER POPPLETON","YORK","YO26 6RN","GB","","","ARTUR HEJAK","","39B BULL STREET","","NORFOLK","HOLT","NR25 6HP","GB","","","","","NO","NO","","NO","359612","","","","",""
"POWER BODY (B)","PARCELFORCE WORLDWIDE","Express 48","SEB338701","P346144","IE0065488","04/11/2013","1","0.000","04/11/2013","SKEL","7088","09:09","","","POWER BODY (B)","P346144","UNIT 6","HUDSON WAY","YORK BUSINESS PARK NETHER POPPLETON","YORK","YO26 6RN","GB","","","DAMIAN OSCIK","","6-8 GLENCOE SUMMERVILLE HOTEL","EMPRESS DRIVE","ISLE OF MAN","ISLE OF MAN","IM2 4LQ","GB","","","","","NO","NO","","NO","359594","","","","",""
"POWER BODY (B)","PARCELFORCE WORLDWIDE","Express 48","SEB338701","P346144","IE0065390","04/11/2013","1","0.000","04/11/2013","SKEL","7088","09:09","","","POWER BODY (B)","P346144","UNIT 6","HUDSON WAY","YORK BUSINESS PARK NETHER POPPLETON","YORK","YO26 6RN","GB","","","MARCIN SADLEJ","","23 UPLANDS ROAD","","","LEICESTER","LE2 6PB","GB","","","","","NO","NO","","NO","359524","","","","",""
"POWER BODY (B)","PARCELFORCE WORLDWIDE","Express 48","SEB338701","P346144","IE0065823","04/11/2013","1","0.000","04/11/2013","SKEL","7088","09:09","","","POWER BODY (B)","P346144","UNIT 6","HUDSON WAY","YORK BUSINESS PARK NETHER POPPLETON","YORK","YO26 6RN","GB","","","LIAM COLEMAN","","LINDSEY FABRICATION AND","ENGINEERING","NORTHAMPTONSHIRE","KETTERING","NN15 6JQ","GB","","","","","NO","NO","","NO","359957","","","","",""
"POWER BODY (B)","PARCELFORCE WORLDWIDE","Express 24","SEB338701","P346144","IE0065735","04/11/2013","1","0.000","04/11/2013","SKEL","7088","09:09","","","POWER BODY (B)","P346144","UNIT 6","HUDSON WAY","YORK BUSINESS PARK NETHER POPPLETON","YORK","YO26 6RN","GB","","","MATEUSZ BULZAK","","15 ALWYNE COURT","","SURREY","WOKING","GU21 4ND","GB","","","","","NO","NO","","NO","359894","","","","",""
"POWER BODY (B)","PARCELFORCE WORLDWIDE","Express 48","SEB338701","P346144","IE0065457","04/11/2013","1","0.000","04/11/2013","SKEL","7088","09:09","","","POWER BODY (B)","P346144","UNIT 6","HUDSON WAY","YORK BUSINESS PARK NETHER POPPLETON","YORK","YO26 6RN","GB","","","TONY LE","","163 SANSOM ROAD","","LONDON","LONDON","E11 3HG","GB","","","","","NO","NO","","NO","359580","","","","",""
"POWER BODY (B)","PARCELFORCE WORLDWIDE","Express 48","SEB338701","P346144","IE0065338","04/11/2013","1","0.000","04/11/2013","SKEL","7088","09:09","","","POWER BODY (B)","P346144","UNIT 6","HUDSON WAY","YORK BUSINESS PARK NETHER POPPLETON","YORK","YO26 6RN","GB","","","KAMIL  WISNIEWSKI","","39WILLIAM BAREFOOT DRIVE","","","LONDON","SE9 3JD","GB","","","","","NO","NO","","NO","359430","","","","",""
"POWER BODY (B)","PARCELFORCE WORLDWIDE","Express 24","SEB338701","P346144","IE0443074","04/11/2013","1","0.000","04/11/2013","SKEL","7088","12:54","","","POWER BODY (B)","P346144","UNIT 6","HUDSON WAY","YORK BUSINESS PARK NETHER POPPLETON","YORK","YO26 6RN","GB","","","KHALED YOUSSEF","","29 CHAPLIN CLOSE","","GREATER MANCHESTER","SALFORD","M6 8FW","GB","","","","","NO","NO","","NO","360317","","","","",""
"POWER BODY (B)","PARCELFORCE WORLDWIDE","Express 48","SEB338701","P346144","IE0066069","04/11/2013","1","0.000","04/11/2013","SKEL","7088","09:09","","","POWER BODY (B)","P346144","UNIT 6","HUDSON WAY","YORK BUSINESS PARK NETHER POPPLETON","YORK","YO26 6RN","GB","","","KHATEEB MOHAMMED","","882 ALUM ROCK ROAD","","WEST MIDLANDS","BIRMINGHAM","B8 2TY","GB","","","","","NO","NO","","NO","360183","","","","",""
"POWER BODY (B)","PARCELFORCE WORLDWIDE","Express 24","SEB338701","P346144","IE0065837","04/11/2013","1","0.000","04/11/2013","SKEL","7088","09:09","","","POWER BODY (B)","P346144","UNIT 6","HUDSON WAY","YORK BUSINESS PARK NETHER POPPLETON","YORK","YO26 6RN","GB","","","MARCIN LYKO","","24 CONCORDE CLOSE","","LONDYN","HOUNSLOW","TW3 4DG","GB","","","","","NO","NO","","NO","359960","","","","",""
"POWER BODY (B)","PARCELFORCE WORLDWIDE","Express 24","SEB338701","P346144","IE0066007","04/11/2013","1","0.000","04/11/2013","SKEL","7088","09:09","","","POWER BODY (B)","P346144","UNIT 6","HUDSON WAY","YORK BUSINESS PARK NETHER POPPLETON","YORK","YO26 6RN","GB","","","THOMAS YOUNG","","102 WISHAW ROAD","","","WISHAW","ML2 8EA","GB","","","","","NO","NO","","NO","360127","","","","",""
"POWER BODY (B)","PARCELFORCE WORLDWIDE","Express 48","SEB338701","P346144","IE0065369","04/11/2013","1","0.000","04/11/2013","SKEL","7088","09:09","","","POWER BODY (B)","P346144","UNIT 6","HUDSON WAY","YORK BUSINESS PARK NETHER POPPLETON","YORK","YO26 6RN","GB","","","CEZARY SOBOLEWSKI","","38 PENNYFIELD","","LINCOLNSHIRE","SPALDING","PE11 3RG","GB","","","","","NO","NO","","NO","359444","","","","",""
"POWER BODY (B)","PARCELFORCE WORLDWIDE","Express 48","SEB338701","P346144","IE0065678","04/11/2013","1","0.000","04/11/2013","SKEL","7088","09:09","","","POWER BODY (B)","P346144","UNIT 6","HUDSON WAY","YORK BUSINESS PARK NETHER POPPLETON","YORK","YO26 6RN","GB","","","PETE  OGDEN","","10TH FLOOR LTVC","UPPER GROUND","","LONDON","SE1 9LT","GB","","","","","NO","NO","","NO","359849","","","","",""
"POWER BODY (B)","PARCELFORCE WORLDWIDE","Express 48","SEB338701","P346144","IE0065616","04/11/2013","1","0.000","04/11/2013","SKEL","7088","09:09","","","POWER BODY (B)","P346144","UNIT 6","HUDSON WAY","YORK BUSINESS PARK NETHER POPPLETON","YORK","YO26 6RN","GB","","","TOMASZ WLODASZ","","100 BARNBY GATE","","NOTTINGHAMSHIRE","NEWARK","NG24 1QR","GB","","","","","NO","NO","","NO","359740","","","","",""
"POWER BODY (B)","PARCELFORCE WORLDWIDE","Express 24","SEB338701","P346144","IE0065681","04/11/2013","1","0.000","04/11/2013","SKEL","7088","09:09","","","POWER BODY (B)","P346144","UNIT 6","HUDSON WAY","YORK BUSINESS PARK NETHER POPPLETON","YORK","YO26 6RN","GB","","","REMIGIUSZ OSTROWSKI","","DOUBLE STREET 19 FLAT 2","","","SPALDING","PE11 2AA","GB","","","","","NO","NO","","NO","359850","","","","",""
"POWER BODY (B)","PARCELFORCE WORLDWIDE","Express 24","SEB338701","P346144","IE0066157","04/11/2013","1","0.000","04/11/2013","SKEL","7088","09:09","","","POWER BODY (B)","P346144","UNIT 6","HUDSON WAY","YORK BUSINESS PARK NETHER POPPLETON","YORK","YO26 6RN","GB","","","PAWEL KIERZKOWSKI","","61 MUSKHAM","","CAMBRIDGESHIRE","PETERBOROUGH","PE3 9XX","GB","","","","","NO","NO","","NO","360220","","","","",""
"POWER BODY (B)","PARCELFORCE WORLDWIDE","Express 48","SEB338701","P346144","IE0065545","04/11/2013","1","0.000","04/11/2013","SKEL","7088","09:09","","","POWER BODY (B)","P346144","UNIT 6","HUDSON WAY","YORK BUSINESS PARK NETHER POPPLETON","YORK","YO26 6RN","GB","","","CHARL COETZER","","MP504","STIRLING LINES","","HEREFORD","HR4 7DD","GB","","","","","NO","NO","","NO","359662","","","","",""
"POWER BODY (B)","PARCELFORCE WORLDWIDE","Express 48","SEB338701","P346144","IE0660799","04/11/2013","1","0.000","04/11/2013","SKEL","7088","15:04","","","POWER BODY (B)","P346144","UNIT 6","HUDSON WAY","YORK BUSINESS PARK NETHER POPPLETON","YORK","YO26 6RN","GB","","","ZSOLT SZABO","","CLAYMORE HOTEL","","","ARROCHAR","G83 7BB","GB","","","","","NO","NO","","NO","360383","","","","",""
"POWER BODY (B)","PARCELFORCE WORLDWIDE","Express 48","SEB338701","P346144","IE0660785","04/11/2013","1","0.000","04/11/2013","SKEL","7088","15:04","","","POWER BODY (B)","P346144","UNIT 6","HUDSON WAY","YORK BUSINESS PARK NETHER POPPLETON","YORK","YO26 6RN","GB","","","JORDEN BUSHEL","","18 ELEANOR TERRACE","","TYNE AND WEAR","NEWCASTLE UPON TYNE","NE16 4AU","GB","","","","","NO","NO","","NO","360363","","","","",""
"POWER BODY (B)","PARCELFORCE WORLDWIDE","Express 48","SEB338701","P346144","IE0065647","04/11/2013","1","0.000","04/11/2013","SKEL","7088","09:09","","","POWER BODY (B)","P346144","UNIT 6","HUDSON WAY","YORK BUSINESS PARK NETHER POPPLETON","YORK","YO26 6RN","GB","","","TOMASZ GOLEBIOWSKI","","67 VERNON ROAD","","DERBYSHIRE","CHESTERFIELD","S40 1EL","GB","","","","","NO","NO","","NO","359823","","","","",""
"POWER BODY (B)","PARCELFORCE WORLDWIDE","Express 48","SEB338701","P346144","IE0065783","04/11/2013","1","0.000","04/11/2013","SKEL","7088","09:09","","","POWER BODY (B)","P346144","UNIT 6","HUDSON WAY","YORK BUSINESS PARK NETHER POPPLETON","YORK","YO26 6RN","GB","","","WOJCIECH BUKOWSKI","","15 SEAKINGS","","HAMPSHIRE","FAREHAM","PO14 3SX","GB","","","","","NO","NO","","NO","359914","","","","",""
"POWER BODY (B)","PARCELFORCE WORLDWIDE","Express 48","SEB338701","P346144","IE0065956","04/11/2013","1","0.000","04/11/2013","SKEL","7088","09:09","","","POWER BODY (B)","P346144","UNIT 6","HUDSON WAY","YORK BUSINESS PARK NETHER POPPLETON","YORK","YO26 6RN","GB","","","ANDRIUS IVANAUSKAS","","333 HIGH STREET","","WEST MIDLADS","WALSALL","WS8 6DN","GB","","","","","NO","NO","","NO","360085","","","","",""
"POWER BODY (B)","PARCELFORCE WORLDWIDE","Express 48","SEB338701","P346144","IE0065430","04/11/2013","1","0.000","04/11/2013","SKEL","7088","09:09","","","POWER BODY (B)","P346144","UNIT 6","HUDSON WAY","YORK BUSINESS PARK NETHER POPPLETON","YORK","YO26 6RN","GB","","","STANISLAW  JUSZCZAK","","154B PARK ROAD","","FIFE","KIRKCALDY","KY1 3EP","GB","","","","","NO","NO","","NO","359551","","","","",""
"POWER BODY (B)","PARCELFORCE WORLDWIDE","Express 48","SEB338701","P346144","IE0065562","04/11/2013","1","0.000","04/11/2013","SKEL","7088","09:09","","","POWER BODY (B)","P346144","UNIT 6","HUDSON WAY","YORK BUSINESS PARK NETHER POPPLETON","YORK","YO26 6RN","GB","","","ANNA SZYMCZAK","","29 CLOS COED BACH","","GWYNEDD","BLACKWOOD","NP12 1GT","GB","","","","","NO","NO","","NO","359679","","","","",""
"POWER BODY (B)","PARCELFORCE WORLDWIDE","Express 24","SEB338701","P346144","IE0660771","04/11/2013","1","0.000","04/11/2013","SKEL","7088","15:04","","","POWER BODY (B)","P346144","UNIT 6","HUDSON WAY","YORK BUSINESS PARK NETHER POPPLETON","YORK","YO26 6RN","GB","","","JAMIE GODSAVE","","16D ABERCORN PLACE","GARDEN FLAT","","LONDON","NW8 9XP","GB","","","","","NO","NO","","NO","360348","","","","",""
"POWER BODY (B)","PARCELFORCE WORLDWIDE","Express 24","SEB338701","P346144","IE0443012","04/11/2013","1","0.000","04/11/2013","SKEL","7088","12:54","","","POWER BODY (B)","P346144","UNIT 6","HUDSON WAY","YORK BUSINESS PARK NETHER POPPLETON","YORK","YO26 6RN","GB","","","DANIE CLOSE","","5 FIRST AVENUE","OFF AVIATION ROAD","WEST YORKSHIRE","LEEDS","LS25 6PD","GB","","","","","NO","NO","","NO","360289","","","","",""
"POWER BODY (B)","PARCELFORCE WORLDWIDE","Express 24","SEB338701","P346144","IE0442958","04/11/2013","1","0.000","04/11/2013","SKEL","7088","12:54","","","POWER BODY (B)","P346144","UNIT 6","HUDSON WAY","YORK BUSINESS PARK NETHER POPPLETON","YORK","YO26 6RN","GB","","","ARTUR GLOWACKI","","3 WRIGHT CRESCENT","","CHESHIRE","WIDNES","WA8 0EE","GB","","","","","NO","NO","","NO","360249","","","","",""
"POWER BODY (B)","PARCELFORCE WORLDWIDE","Express 24","SEB338701","P346144","IE0660754","04/11/2013","1","0.000","04/11/2013","SKEL","7088","15:04","","","POWER BODY (B)","P346144","UNIT 6","HUDSON WAY","YORK BUSINESS PARK NETHER POPPLETON","YORK","YO26 6RN","GB","","","KHALID PATEL","","LUNECLIFFE HALL","ASHTON ROAD","LANCASHIRE","LANCASTER","LA2 0AB","GB","","","","","NO","NO","","NO","360326","","","","",""
"POWER BODY (B)","PARCELFORCE WORLDWIDE","Express 24","SEB338701","P346144","IE0065695","04/11/2013","1","0.000","04/11/2013","SKEL","7088","09:09","","","POWER BODY (B)","P346144","UNIT 6","HUDSON WAY","YORK BUSINESS PARK NETHER POPPLETON","YORK","YO26 6RN","GB","","","ART POL","PIOTR TRZCINSKI","103HITLOCK DRIVE","","","LONDON","SW19 6SH","GB","","","","","NO","NO","","NO","359852","","","","",""
"POWER BODY (B)","PARCELFORCE WORLDWIDE","Express 24","SEB338701","P346144","IE0065987","04/11/2013","1","0.000","04/11/2013","SKEL","7088","09:09","","","POWER BODY (B)","P346144","UNIT 6","HUDSON WAY","YORK BUSINESS PARK NETHER POPPLETON","YORK","YO26 6RN","GB","","","DANIEL NOSEK","","13 BRISCOE ROAD","","COOLIERS WOOD","LONDON","SW19 2AH","GB","","","","","NO","NO","","NO","360089","","","","",""
"POWER BODY (B)","PARCELFORCE WORLDWIDE","Express 48","SEB338701","P346144","IE0065465","04/11/2013","1","0.000","04/11/2013","SKEL","7088","09:09","","","POWER BODY (B)","P346144","UNIT 6","HUDSON WAY","YORK BUSINESS PARK NETHER POPPLETON","YORK","YO26 6RN","GB","","","JEREMY JAMES","ZACHARY BURNSIDE","33 NEW CAVENDISH STREET","","","LONDON","W1G 9TS","GB","","","","","NO","NO","","NO","359581","","","","",""
"POWER BODY (B)","PARCELFORCE WORLDWIDE","Express 48","SEB338701","P346144","IE0065664","04/11/2013","1","0.000","04/11/2013","SKEL","7088","09:09","","","POWER BODY (B)","P346144","UNIT 6","HUDSON WAY","YORK BUSINESS PARK NETHER POPPLETON","YORK","YO26 6RN","GB","","","RCAHMS","CONNOR HEANEY","JOHN SINCLAIR HOUSE","16 BERNARD TERRACE","MIDLOTHIAN","EDINBURGH","EH8 9NX","GB","","","","","NO","NO","","NO","359848","","","","",""
"POWER BODY (B)","PARCELFORCE WORLDWIDE","Express 48","SEB338701","P346144","IE0443009","04/11/2013","1","0.000","04/11/2013","SKEL","7088","12:54","","","POWER BODY (B)","P346144","UNIT 6","HUDSON WAY","YORK BUSINESS PARK NETHER POPPLETON","YORK","YO26 6RN","GB","","","LIAM ROSE","","112 QUARRY SPRINGS","","","HARLOW","CM20 3HT","GB","","","","","NO","NO","","NO","360286","","","","",""
