<?xml version="1.0" encoding="UTF-8"?>
<hookexport>
  <hookdata>
    <config>
      <hook_name>(SOS32) Total Members Registered Today in Board Stats</hook_name>
      <hook_desc>Will show how many members registered todya in your board</hook_desc>
      <hook_author>Adriano Faria</hook_author>
      <hook_email>administracao@sosinvision.com.br</hook_email>
      <hook_website>http://www.sosinvision.com.br/</hook_website>
      <hook_update_check>http://forum.sosinvision.com.br/resource_updates.php?resource=sos32_newregusers</hook_update_check>
      <hook_requirements><![CDATA[a:4:{s:20:"hook_ipb_version_min";i:32000;s:20:"hook_ipb_version_max";i:0;s:20:"hook_php_version_min";s:0:"";s:20:"hook_php_version_max";s:0:"";}]]></hook_requirements>
      <hook_version_human>2.0.0</hook_version_human>
      <hook_version_long>20000</hook_version_long>
      <hook_extra_data><![CDATA[a:6:{s:7:"display";a:2:{s:8:"language";s:83:"From forums_public_boards: sos32_newreg_today, sos32_newregs_today, sos32_reg_today";s:9:"templates";s:30:"From skin_boards: hookregToday";}s:13:"settingGroups";a:1:{i:0;i:47;}s:8:"settings";a:4:{i:0;i:538;i:1;i:539;i:2;i:540;i:3;i:541;}s:8:"language";a:1:{s:20:"forums_public_boards";a:3:{s:0:"";s:18:"sos32_newreg_today";i:1;s:19:"sos32_newregs_today";i:2;s:15:"sos32_reg_today";}}s:8:"database";a:0:{}s:9:"templates";a:1:{s:11:"skin_boards";a:1:{s:0:"";s:12:"hookregToday";}}}]]></hook_extra_data>
      <hook_key>sos32_newregusers</hook_key>
    </config>
  </hookdata>
  <hookfiles>
    <file>
      <hook_file_real>sos32_newregusers.php</hook_file_real>
      <hook_type>skinHooks</hook_type>
      <hook_classname>sos32_newregusers</hook_classname>
      <hook_data><![CDATA[a:8:{s:12:"dataLocation";s:0:"";s:14:"libApplication";s:0:"";s:15:"classToOverload";s:11:"skin_boards";s:9:"skinGroup";N;s:12:"skinFunction";N;s:4:"type";N;s:2:"id";N;s:8:"position";N;}]]></hook_data>
      <hooks_source><![CDATA[class sos32_newregusers extends skin_boards(~id~)
{
	public function boardIndexTemplate( $lastvisit, $stats, $cat_data, $show_side_blocks )
	{
		$original = parent::boardIndexTemplate( $lastvisit, $stats, $cat_data, $show_side_blocks );
		
		if ( !in_array( $this->memberData['member_group_id'], explode(",",$this->settings['sos32_newregusers_groups'] ) ) )
		{
			return $original;
		}

		$midnight	= 172800;
		$count		= 0;

		$filter_validating	= $this->settings['sos32_newregusers_validating'] ? "" : ' AND member_group_id <> ' . $this->settings['auth_group'];
		$filter_incomplete	= $this->settings['sos32_newregusers_incomplete'] ? "" : ' AND members_display_name <> ""';
		$filter_banned		= $this->settings['sos32_newregusers_banned'] 	  ? "" : ' AND member_group_id <> ' . $this->settings['banned_group'];

		$this->DB->build ( array(
							 'select' => 'joined',
						 	 'from'   => 'members',
						 	 'where'  => "joined > ".time()." - {$midnight}{$filter_validating}{$filter_incomplete}{$filter_banned}"
		) );

		$outer = $this->DB->execute();

		while ( $r = $this->DB->fetch( $outer ) )
		{
			if ( $this->registry->getClass('class_localization')->getDate( $r['joined'], 'DATE', 1 ) == $this->registry->getClass('class_localization')->getDate( time(), 'DATE', 1 ) )
			{
				$count++;
			}
		}
		
		$this->lang->words['total_members'] .= $this->registry->output->getTemplate('boards')->hookregToday( $count );

		return parent::boardIndexTemplate( $lastvisit, $stats, $cat_data, $show_side_blocks );
	}
}]]></hooks_source>
    </file>
    <file>
      <hook_file_real>sos32_newregusers_ajax.php</hook_file_real>
      <hook_type>commandHooks</hook_type>
      <hook_classname>sos32_newregusers_ajax</hook_classname>
      <hook_data><![CDATA[a:8:{s:12:"dataLocation";s:0:"";s:14:"libApplication";s:0:"";s:15:"classToOverload";s:24:"public_forums_ajax_stats";s:9:"skinGroup";N;s:12:"skinFunction";N;s:4:"type";N;s:2:"id";N;s:8:"position";N;}]]></hook_data>
      <hooks_source><![CDATA[<?php

class sos32_newregusers_ajax extends public_forums_ajax_stats
{
	public function doExecute( ipsRegistry $registry )
	{
		switch( $this->request['do'] )
		{
			case 'regtoday':
				$this->_registeredToday();
			break;
		}

		parent::doExecute( $registry );
	}

	public function _registeredToday()
	{
		if ( !in_array( $this->memberData['member_group_id'], explode(",",$this->settings['sos32_newregusers_groups'] ) ) )
		{
			$this->registry->output->showError( $this->lang->words['no_permission'] );
		}

		ipsRegistry::getClass( 'class_localization')->loadLanguageFile( array( 'public_boards' ), 'forums' );

		$midnight	= 172800;
		$count		= 0;

		$filter_validating	= $this->settings['sos32_newregusers_validating'] ? "" : ' AND member_group_id <> ' . $this->settings['auth_group'];
		$filter_incomplete	= $this->settings['sos32_newregusers_incomplete'] ? "" : ' AND members_display_name <> ""';
		$filter_banned		= $this->settings['sos32_newregusers_banned'] 	  ? "" : ' AND member_group_id <> ' . $this->settings['banned_group'];

		$this->DB->build ( array(
							 'select' => '*',
						 	 'from'   => 'members',
						 	 'where'  => "joined > ".time()." - {$midnight}{$filter_validating}{$filter_incomplete}{$filter_banned}"
		) );

		$outer = $this->DB->execute();

		while ( $r = $this->DB->fetch( $outer ) )
		{
			if ( $this->registry->getClass('class_localization')->getDate( $r['joined'], 'DATE', 1 ) == $this->registry->getClass('class_localization')->getDate( time(), 'DATE', 1 ) )
			{
				$member_ids[ $r['member_id'] ]	= $r['member_id'];
			}
		}
		
		if( count($member_ids) )
		{
			$finalMembers	= array();
			$members		= IPSMember::load( $member_ids, 'all' );
			
			foreach( $members as $mid => $member )
			{
				$member	= IPSMember::buildDisplayData( $member );
				
				$users[ $mid ]	= $member;
			}
			
			krsort( $users );
		}
		
		$this->returnHtml( $this->registry->output->getTemplate('boards')->hookregToday_newusers( $users, true ) );
    }
}]]></hooks_source>
    </file>
  </hookfiles>
  <hookextras_settings>
    <setting>
      <conf_is_title>1</conf_is_title>
      <conf_title_title>(SOS32) Total Members Registered Today in Board Stats</conf_title_title>
      <conf_title_desc>Settings for this hook</conf_title_desc>
      <conf_title_noshow>0</conf_title_noshow>
      <conf_title_keyword>sos32_newregusers</conf_title_keyword>
      <conf_title_app>forums</conf_title_app>
      <conf_title_tab>Hooks</conf_title_tab>
    </setting>
    <setting>
      <conf_id>1092</conf_id>
      <conf_title>Add VALIDATING MEMBERS to the counter?</conf_title>
      <conf_description/>
      <conf_group>0</conf_group>
      <conf_type>yes_no</conf_type>
      <conf_key>sos32_newregusers_validating</conf_key>
      <conf_value/>
      <conf_default>1</conf_default>
      <conf_extra/>
      <conf_evalphp/>
      <conf_protected>1</conf_protected>
      <conf_position>1</conf_position>
      <conf_start_group>General Settings</conf_start_group>
      <conf_add_cache>1</conf_add_cache>
      <conf_keywords/>
      <conf_title_keyword>sos32_newregusers</conf_title_keyword>
      <conf_is_title>0</conf_is_title>
    </setting>
    <setting>
      <conf_id>1093</conf_id>
      <conf_title>Add INCOMPLETE MEMBERS (Facebook, Twitter) to the counter?</conf_title>
      <conf_description/>
      <conf_group>0</conf_group>
      <conf_type>yes_no</conf_type>
      <conf_key>sos32_newregusers_incomplete</conf_key>
      <conf_value/>
      <conf_default>1</conf_default>
      <conf_extra/>
      <conf_evalphp/>
      <conf_protected>1</conf_protected>
      <conf_position>2</conf_position>
      <conf_start_group/>
      <conf_add_cache>1</conf_add_cache>
      <conf_keywords/>
      <conf_title_keyword>sos32_newregusers</conf_title_keyword>
      <conf_is_title>0</conf_is_title>
    </setting>
    <setting>
      <conf_id>1094</conf_id>
      <conf_title>Add BANNED MEMBERS to the counter?</conf_title>
      <conf_description/>
      <conf_group>0</conf_group>
      <conf_type>yes_no</conf_type>
      <conf_key>sos32_newregusers_banned</conf_key>
      <conf_value/>
      <conf_default>1</conf_default>
      <conf_extra/>
      <conf_evalphp/>
      <conf_protected>1</conf_protected>
      <conf_position>3</conf_position>
      <conf_start_group/>
      <conf_add_cache>1</conf_add_cache>
      <conf_keywords/>
      <conf_title_keyword>sos32_newregusers</conf_title_keyword>
      <conf_is_title>0</conf_is_title>
    </setting>
    <setting>
      <conf_id>795</conf_id>
      <conf_title>Allowed groups that will can see the total members registered today stats</conf_title>
      <conf_description/>
      <conf_group>0</conf_group>
      <conf_type>multi</conf_type>
      <conf_key>sos32_newregusers_groups</conf_key>
      <conf_value/>
      <conf_default/>
      <conf_extra>#show_groups#</conf_extra>
      <conf_evalphp><![CDATA[if ( $save == 1)
{
	if ( is_array( $_POST['sos32_newregusers_groups'] ) )
	{
		$_POST['sos32_newregusers_groups'] = implode( ",", $_POST['sos32_newregusers_groups'] );
	}
	else
	{
		$_POST['sos32_newregusers_groups'] = "";
	}
	
	$key = 'sos32_newregusers_groups';
}
if ( $show == 1 )
{
    $key='sos32_newregusers_groups[]';
}]]></conf_evalphp>
      <conf_protected>1</conf_protected>
      <conf_position>4</conf_position>
      <conf_start_group/>
      <conf_end_group>1</conf_end_group>
      <conf_add_cache>1</conf_add_cache>
      <conf_keywords/>
      <conf_title_keyword>sos32_newregusers</conf_title_keyword>
      <conf_is_title>0</conf_is_title>
    </setting>
  </hookextras_settings>
  <hookextras_language>
    <language>
      <word_app>forums</word_app>
      <word_pack>public_boards</word_pack>
      <word_key>sos32_reg_today</word_key>
      <word_default>Members registered today</word_default>
      <word_custom/>
      <word_js>0</word_js>
    </language>
    <language>
      <word_app>forums</word_app>
      <word_pack>public_boards</word_pack>
      <word_key>sos32_reg_today</word_key>
      <word_default>Members Registered Today</word_default>
      <word_custom/>
      <word_js>0</word_js>
    </language>
  </hookextras_language>
  <hookextras_modules/>
  <hookextras_help/>
  <hookextras_templates>
    <templates>
      <template_set_id>0</template_set_id>
      <template_group>skin_boards</template_group>
      <template_content><![CDATA[{parse js_module="registeredtoday"}
		<if test="$count > 0">
      		<li class='clear'>
		  		<a href='#' class='registered-today' id='registered-today-1' title='{$this->lang->words['sos32_reg_today']}'><span class='value'>{$count}</span></a> {$this->lang->words['sos32_reg_today']}
			{$text}
			</li>
		</if>]]></template_content>
      <template_name>hookregToday</template_name>
      <template_data>$count</template_data>
      <template_updated>1302109418</template_updated>
      <template_removable>0</template_removable>
      <template_added_to>0</template_added_to>
      <template_user_added>0</template_user_added>
      <template_user_edited>0</template_user_edited>
      <template_master_key>root</template_master_key>
      <template_set_type/>
    </templates>
    <templates>
      <template_set_id>0</template_set_id>
      <template_group>skin_boards</template_group>
      <template_content><![CDATA[<h3 class='maintitle clear'>{$this->lang->words['sos32_reg_today']}</h3>
<div class='likepop fixed_inner'>
    <if test="hasDownloaders:|:count($users)">
         <ul class='ipsList_withminiphoto'>
                 {parse striping="downloaders" classes="row1,row2"}
                 <foreach loop="downloadersLoop:$users as $mid => $data">
                         <li class='{parse striping="downloaders"} clearfix ipsPad_half'>
                                 <if test="downloaderImage:|:$data['member_id']"><a href='{parse url="showuser={$data['member_id']}" seotitle="{$data['members_seo_name']}" template="showuser" base="public"}' title='{$this->lang->words['view_profile']}' class='ipsUserPhotoLink left'></if>
                                         <img src='{$data['pp_small_photo']}' class='ipsUserPhoto ipsUserPhoto_mini' />
                                 <if test="downloaderImageClose:|:$data['member_id']"></a></if>
                                 <div class='list_content'>
                                         <if test="downloaderName:|:$data['member_id']"><a href='{parse url="showuser={$data['member_id']}" template="showuser" seotitle="{$data['members_seo_name']}" base="public"}' title='{$this->lang->words['view_profile']}'></if><strong>{$data['members_display_name']}</strong><if test="downloaderNameClose:|:$data['member_id']"></a></if>
                                         <p class='desc'>{parse expression="IPSMember::makeNameFormatted( $data['g_title'], $data['g_id'] )"}</p>
                                         <p class='desc'>{$this->lang->words['m_joined']} {parse date="$data['joined']" format="joined"}</p>
                                 </div>
                         </li>
                 </foreach>
         </ul>
         <if test="showfulllink:|:$ajax AND count($users) == 2000">
                 <p class='desc ipsPad ipsForm_center'>
                         <strong><a href='{parse url="app=downloads&amp;module=display&amp;section=downloaders&amp;id={$file['file_id']}" base="public"}'>{$this->lang->words['view_all_downloaders']}</a></strong>
                 </p>
         </if>
</div>]]></template_content>
      <template_name>hookregToday_newusers</template_name>
      <template_data>$users,$ajax</template_data>
      <template_updated>1308070844</template_updated>
      <template_removable>0</template_removable>
      <template_added_to>0</template_added_to>
      <template_user_added>0</template_user_added>
      <template_user_edited>0</template_user_edited>
      <template_master_key>root</template_master_key>
      <template_set_type/>
    </templates>
  </hookextras_templates>
  <hookextras_css/>
  <hookextras_tasks/>
  <hookextras_database_create/>
  <hookextras_database_alter/>
  <hookextras_database_update/>
  <hookextras_database_insert/>
</hookexport>
